0.669795,0.9835508,0.01972214,-2.06238,1.039647,0.9951478,0.2197956,0.7567194,-0.5592864,0.9797244,1.839879,-0.1785881,-0.2478222,0.6161993,-1.468989,-0.1222452
-0.1723526,-0.5125315,-0.2139533,-0.01255461,-0.7695969,-0.5173557,-0.0476072,-0.8191115,-0.5086232,-0.5622439,-0.04930839,-0.1431453,-0.007967492,-0.8669905,-0.281797,-0.1869856
0.3631131,1.493787,-0.4141432,-1.681647,1.451719,1.672058,-0.06519922,-0.0596886,0.8311989,1.329238,-0.513242,-0.4219154,0.07284901,0.5891075,-0.4868064,-0.3188057
-1.286135,-0.3472118,0.6523338,0.1379437,-0.600779,-0.4085312,-0.03333218,-1.318334,-1.038567,-0.3490646,-0.2255506,0.4219341,-0.01086367,-1.21789,0.3849129,0.167488
-0.09207478,-2.049717,-0.1049436,0.01590087,-1.573026,-1.711584,-0.02391483,-0.2077465,-0.08696342,-1.963182,-0.02678425,-0.1017856,-0.02460099,-0.09089152,0.2761943,-0.1103672
-0.2109572,-1.965723,-0.02355397,-0.02676383,-1.354623,-1.735154,-0.110423,-0.02550874,-0.10151,-1.832098,0.0004003581,-0.02307201,0.05285606,-0.1158131,-0.02299369,0.003023684
-0.08043227,-0.1043458,-0.407623,-0.1315708,-0.1040531,-0.1048323,-0.1495868,-0.03393402,-0.3406975,-0.02595204,0.007760925,-0.4023174,-0.004607045,-0.1319632,-0.107302,-0.2392755
-0.5167658,-0.06931809,-0.2912534,-0.1401928,-0.04401141,-0.0854018,-0.009105585,-0.2839508,-0.6206904,-0.1551272,-0.02569847,-0.1438628,-0.01815637,-0.4637546,-0.2517137,-0.1174256
0.6864794,1.600381,-0.8153012,-0.9115413,2.2135,1.900267,0.1227965,0.9949406,1.581649,1.694703,0.2344558,-0.7603882,-0.1781378,1.342578,-0.5591584,-0.6736372
1.623853,0.632987,-0.9282258,-0.4295447,0.7010067,0.6677318,0.5094736,2.299039,1.728356,0.6073844,1.485288,-0.8890052,-0.1629777,2.247086,-0.708975,-0.7301424
1.182084,0.9943746,-0.9222169,-1.451982,2.387652,0.7177405,0.08331561,-1.805382,0.3667556,1.491057,-0.1260628,-0.5547914,0.0009394193,0.8088349,-0.8747554,-0.3901893
0.7031978,0.9210651,-0.2197657,-1.836448,1.065508,0.8811414,-0.04692832,0.9766607,0.8242258,1.020934,0.3062077,-0.2375282,0.02187339,0.7456342,-1.092891,-0.3772158
2.022343,1.133931,-0.9151621,-0.8397914,1.301427,1.073572,0.386113,2.148381,1.973768,1.218454,0.9806533,-0.8795128,-0.1866836,2.203623,-0.7674919,-0.8134904
-0.00219751,-2.211309,-0.07299867,0.03024743,-1.449276,-2.009108,0.01717192,-0.05457918,-0.03632846,-2.106162,-0.05247532,-0.002284851,-0.04099632,-0.03739865,-0.05605449,-0.001066298
-1.142002,-0.3495191,-0.3138275,0.0389821,-0.4890463,-0.3495766,-0.07703317,-0.175535,-0.8549391,-0.351325,-0.04019077,-0.2124349,-0.003582835,-0.9060889,-0.09257331,-0.1892604
-0.03303495,-2.020698,-0.06572345,-0.03471727,-1.648402,-1.83019,-0.01119475,-0.2419667,-0.1338939,-2.007807,-0.07370345,-0.0251628,-0.01251051,-0.1137095,-0.04027935,-0.004376776
-0.03834728,-2.183156,-0.03462217,-0.04342116,-1.491142,-1.920243,-0.05722269,-0.04215082,-0.1075467,-2.097798,0.0009224156,-0.02764696,-0.001007635,-0.03325852,-0.03344646,-0.004202896
-0.598123,-0.1614639,-0.08600836,-0.004898495,-0.2656214,-0.07293022,-0.008968085,-0.03128904,-0.551241,-0.2192198,0.008446747,-0.09348178,-0.0806654,-0.5229961,-0.2268143,-0.07128759
0.6319787,-0.08936007,-0.4583974,-0.2447407,-0.01953374,-0.07760858,1.531819,-0.4621167,1.086442,-0.06501967,-1.371636,-0.3821863,0.0404528,0.6423032,-0.4692084,-0.3194658
-0.05506153,-1.967179,-0.007339343,-0.01314521,-1.281295,-1.797786,-0.01089824,-0.0229152,-0.03711775,-1.928897,-0.01056036,-0.0007149149,-0.2129937,-0.09216724,-0.01647866,-0.01748143
0.2709514,1.124645,-1.19192,-1.453077,0.8545222,1.774762,-0.2178065,1.830428,-1.104864,0.9928991,0.155372,-0.6023023,-0.01157808,0.7085245,-1.040586,-0.3968956
-1.426906,-0.3939167,0.2257599,0.1139745,-0.5707952,-0.4333167,-0.07235515,-1.157597,-1.411639,-0.3845244,-0.0478944,0.1008268,0.01016392,-1.341111,0.1163305,0.006127283
-0.0625128,-2.316874,0.5953729,0.2018926,-1.712444,-2.268977,0.04316777,-0.19028,-0.1066816,-2.310059,-0.2203908,0.4127094,1.017755,-0.212388,0.7583639,0.2288874
0.03793618,-2.014529,0.3581952,0.195862,-1.443633,-1.710358,0.01591695,-0.1615579,-0.01635469,-1.966628,-0.04898856,0.3709124,0.4171322,-0.09529565,0.004483439,0.1999744
-1.353891,1.5604,-0.5583585,-1.453563,0.8197547,2.097972,-0.0483319,1.423958,1.618806,1.254349,0.174444,-0.3491443,-0.1218789,0.8807262,-0.395837,-0.2896894
-0.3258129,-1.988241,0.6472431,0.3593111,-1.709687,-1.883796,-0.2766005,-0.3728004,-0.272924,-1.906696,0.02579502,0.8866876,-0.05343157,-0.4704752,0.5284976,0.5703427
-0.1061397,-0.2662504,-0.2875709,-0.06470623,-0.2993959,-0.2658483,-0.04091011,-0.1954404,-0.2174653,-0.2519713,-0.02560564,-0.2228161,-0.01079668,-0.1842635,-0.221874,-0.06434414
-0.3668144,-0.04139793,-0.2109376,-0.1006526,-0.09694332,-0.08065689,-0.01892666,-0.5305957,-0.4967018,-0.05336432,-0.0728728,-0.2957537,-0.005776894,-0.2976588,-0.2981153,-0.1885852
-1.167524,-0.3640724,1.315463,0.04151729,-0.4832873,-0.365317,-0.029883,-0.9392417,-1.033445,-0.4139066,-0.8207515,1.460869,0.1458613,-1.180322,0.2950207,1.521643
-0.0543291,-2.397544,-0.04545543,-0.05057006,-1.753127,-2.207769,-0.1736515,-0.03241156,-0.05155687,-2.284606,0.006827776,-0.05232024,0.02820607,-0.03347271,-0.08713048,-0.007484775
0.8447,1.03725,-0.8767933,-1.607859,1.386421,0.6725188,-0.08029095,-0.693696,1.995716,1.014645,0.4460701,-0.5366029,-0.2530429,0.9615881,-1.02933,-0.3628775
1.095093,1.530232,-0.3496826,-1.314145,1.979739,1.289042,-0.1508209,0.7644372,-1.124515,1.789934,0.7065938,-0.2826378,0.4094749,0.5704144,-0.1253835,-0.3105603
