-0.1110481,-0.1724219,0.008809944,0.3491424,-0.2069259,0.1715724,-0.2231665,-0.07529395,0.08870294,0.236569,0.3426406,-0.7263756,0.5958527,-0.2848076,-0.04239747,0.2041141,-0.2617902,-0.2658825,-0.426722,-0.197908,0.8190049,0.3132656,0.4074901,0.878429,0.3287832,-0.3397529,0.06464999,-0.004463769,0.7395597,-0.3889754,0.7395718,0.07795952
0.3615731,0.1912255,-0.3986813,0.553873,0.7195204,0.286251,-0.1054248,0.01893944,0.1224865,0.06541762,-0.4652378,0.6214615,0.2221742,0.04042476,0.278125,0.4649548,-0.4546732,0.01006719,-0.007491986,0.3128327,-0.2412693,0.5455934,-0.4551425,0.9140412,-0.1790805,0.2239464,0.01800082,0.1060157,0.3496234,0.3036931,-0.2349059,-0.1347168
0.5744322,0.008960155,0.3770069,0.1642613,0.2766443,-0.3738958,-0.0317423,-0.03309901,0.1627855,0.905564,-0.4156401,0.112862,-0.5294484,-0.5149865,0.3090353,0.1026407,-0.9112029,0.1535761,-0.09340402,0.0322388,-0.6203367,0.3651668,-0.8013942,0.4454408,-0.2069086,0.06173964,-0.02604192,0.1445655,-0.4335321,-0.1797094,-0.539726,-0.01493324
0.02675561,0.1934139,0.3751328,0.3116595,0.05994306,0.08735321,0.09222382,0.01951091,-0.09617948,-0.2654091,-0.1180724,0.2535725,0.4812866,0.05035791,0.0507229,-0.4154746,-0.5953361,0.09341526,-0.5829847,0.425394,0.04941706,0.1911605,-0.2077257,0.01714439,0.004839649,0.03956088,0.1954465,0.2728086,-0.2184069,0.4547513,-0.3137909,0.28903
-0.4242226,-0.1638797,-0.444352,0.5039225,0.0594571,0.7915888,0.1405816,0.04276481,0.6923767,0.07229677,0.4933961,-0.9709301,0.5010397,0.3403851,0.1639057,-0.2837236,0.1659911,0.1488481,-0.1718029,0.1898304,0.4855196,0.2975028,0.05829387,0.02521595,0.4362558,0.5604801,0.1082682,0.1726492,0.05963711,0.7173928,0.3928333,0.3185617
0.2718934,0.0003194013,0.1512908,-0.1784303,-0.0982475,0.534313,0.199723,0.1263921,0.1222361,0.08207813,0.1411558,0.07877143,-0.08529312,0.1950871,-0.2391148,-0.2617025,0.7029413,0.07935876,-0.08980472,-0.2015462,-0.2358268,0.1206389,0.2765412,0.01064187,0.5137624,0.3240432,0.2818561,0.1604813,-0.3941267,0.5878564,0.1669084,-0.07543416
-0.4420167,-0.2552919,-0.8681169,-0.1349339,-0.4897812,0.3536996,0.1196899,0.07036388,-0.3691952,-0.2776078,0.0154324,-0.1737668,-0.00963456,0.4345509,-0.06506407,-0.260667,1.460886,-0.09537706,0.0378009,-0.6200651,0.5344106,-0.03341321,0.8331361,-0.5335759,-0.6520787,-0.2614678,-0.08215633,-0.02819467,0.4099596,0.6922581,0.6450974,-0.5610625
0.8058199,-0.1165147,0.1547782,-0.1170903,-0.4177306,0.460513,0.1649861,-0.01273195,-0.0673947,0.801791,-0.7798152,-0.4395975,0.6202611,-0.1607201,-0.471934,-0.0861233,0.6762156,-0.06678779,0.2908056,-0.6256931,0.2273546,0.1362208,0.7108169,-0.3760868,-0.8136777,0.1756282,0.07335968,-0.236279,-0.2457504,-0.020746,0.3289606,0.03576714
-0.1893334,-0.1644278,0.5462595,0.4154605,-0.1827732,0.5026284,0.007197551,0.04570904,0.6709052,-0.1482455,-0.5704208,0.386267,-0.1657238,-1.107573,-0.3439702,-0.1654742,0.146447,-0.08481903,0.008992506,-0.7383478,-0.7209647,-0.05190816,-0.7875167,0.4288608,-0.5666623,-0.08395392,0.06438988,-0.1120599,0.7536245,-0.08199973,-0.1761061,-0.03553167
-0.2315069,-0.2313537,0.3451287,-0.4327131,-0.03551583,-0.1011031,-0.08675176,-0.03309254,0.6341384,-0.01999719,-0.0030654,0.1331741,-0.0819655,-0.6759068,-0.2792509,0.4053069,0.4591828,-0.02268507,0.1951477,-0.4423585,-0.2668787,-0.7046338,-0.5901517,0.4706976,0.06390452,-0.6639907,-0.1221538,-0.1659737,-0.4678988,0.1775907,-0.305003,0.5562783
-0.3522834,-0.02358183,0.4788973,0.04450911,0.227228,-0.1778538,-0.1633489,-0.01170221,0.2837754,-0.7004642,0.08690664,0.07110883,-1.409292,-0.3429909,-0.187718,0.659372,-0.01432425,0.1506343,0.4416071,-0.1128691,-0.7071275,-0.2432472,-0.252388,0.4748924,-0.4577171,0.1500111,-0.01964217,-0.06640466,0.006510479,-0.3259773,-0.8867096,0.07926405
-0.2643855,-0.1306297,-0.4036894,-0.2095831,0.3378257,0.06827628,-0.1593887,-0.1769501,0.1900723,0.1251421,0.449856,-0.3735794,-0.16605,-0.1998545,-0.1267036,0.8329284,0.02350153,0.07423308,0.5691511,0.1522112,0.2060993,-0.7339025,-0.1537571,0.2969089,0.4280254,-0.1354775,-0.2415769,-0.07614911,-0.9160671,-0.2306976,0.4706447,-0.155544
-0.2786319,0.06025028,-0.5364594,0.08064912,0.5451607,0.4340599,-0.0347522,0.003019386,-0.6221541,-0.7360764,0.3535366,-0.64792,0.2006083,0.2674113,-0.05062062,0.3506261,-0.3918044,0.2535476,-0.129235,0.3433343,0.3903624,0.0004405918,0.6359475,-0.5061742,-0.4491397,-0.2573183,0.1512732,0.1609005,0.2812501,-1.183998,0.4777841,-0.2383173
0.7816666,0.329243,-0.08838277,0.2937437,0.7870909,0.1984634,-0.04175211,0.06773793,-0.08039218,0.01733287,0.1636142,0.6905169,0.8362795,0.1927814,0.007818324,0.1546762,-0.5477271,-0.02324973,0.526976,0.1884509,0.1280538,0.2580931,0.7189243,-0.3610811,-0.01292234,0.05546499,-0.05951234,0.1568443,1.033404,-1.146192,0.4791562,-0.6876418
0.1179103,0.149822,0.5430944,-0.108386,-0.2236701,-0.8081316,0.01535783,-0.04060496,0.3703158,0.1636645,-0.2110113,-0.1622075,-0.2479241,-0.1139284,0.09880675,0.2739332,-0.5304125,-0.250168,-0.1099531,-0.2462163,-0.440019,0.08351114,-0.9180624,-0.07174424,-0.3147038,-0.4244115,-0.09303267,0.0845939,-0.1294314,-0.6711285,-0.3235981,0.6169148
0.4094844,0.2491316,0.5959262,-0.5328264,-0.0008151095,-0.262983,-0.02875435,0.1021602,0.4275093,0.01745412,-0.0972831,-0.2049769,0.3224432,0.1387531,0.219863,0.2378601,-0.6964939,-0.1716528,-0.3362372,0.1877916,0.1242468,0.2469124,-0.3313417,0.2272986,-0.3690164,0.3260781,0.08755858,0.1729825,-0.1509354,-0.2354219,-0.2516713,0.101163
-0.7691306,-0.03798252,0.3335972,-0.5367726,-0.3560131,-0.6257197,0.02969885,-0.05298232,0.4095288,-0.5250112,0.2336402,0.02298669,0.3966703,-0.2225603,-0.03977361,-0.06985452,-0.1743287,-0.246265,-0.03155798,-0.2833057,0.02867342,-0.2537726,-0.3812507,-0.05997248,0.9878281,-0.1414721,0.03814444,0.09100542,-0.3099846,0.3652819,-0.651166,0.3649918
-1.406322,-0.02076142,-0.1322489,-0.1805871,0.1080239,-0.005509207,0.06304558,0.06932478,0.2697896,-0.4904173,0.5116089,-1.286568,-0.667412,0.05790775,0.04721362,-0.08352159,0.1558649,-0.1187351,-0.2707785,-0.3877546,-0.1712178,-0.3522721,-0.1334301,0.662236,1.02502,0.09273503,0.0519428,0.1615463,-0.2320484,0.6067504,-0.9753925,0.4917568
1.110838,-0.03867828,-0.1432503,0.0555263,-0.2136583,-1.206781,0.009405917,0.0485584,-0.4858719,-0.4211785,0.6335658,-0.2585417,-0.09464751,-0.47024,-0.01549278,-0.04303793,-0.2081714,0.001250627,-0.244817,-0.5831146,0.4168342,0.2008024,0.4134119,-0.3389083,0.3902265,-0.7555302,-0.0359902,0.07414194,-0.04088608,0.7329997,-0.01757691,-0.1008847
-0.1189675,-0.2914332,-0.01213171,0.1165454,0.08785009,-0.3342111,0.07762058,0.04341226,-0.2208981,0.4794811,0.6305077,0.393463,1.207884,-0.2905959,-0.008752493,-0.02048282,-0.2314063,0.3715238,0.393432,-0.09782748,-0.06264707,0.2487872,0.8819184,0.2123116,0.1104632,-0.182411,-0.01173009,0.08590814,0.9099944,1.201524,0.3268406,-0.9512669
0.6783862,-0.1888689,0.482132,-0.09549357,-0.01073403,-0.009947536,0.06481253,0.1393692,0.2283611,0.4692197,-0.2916995,0.5861826,1.127533,-0.6569501,0.01442228,-0.2374513,-0.005982935,0.3115262,0.2989565,-0.2034036,-0.22012,0.3338822,0.2291923,0.03236114,0.2129389,-0.26358,0.03228923,0.03359501,0.1480067,0.2635887,0.2149778,0.02452004
0.2676411,-0.3434409,0.1019426,-0.4829756,-0.09712552,0.02475615,0.0510712,-0.03202599,0.4167011,-0.400871,0.06472126,-0.118906,0.477836,-0.899895,-0.2470982,0.1779839,0.5378336,0.1545025,-0.04007331,-0.2167917,-0.1714237,0.1420133,0.2273645,0.4110945,0.6629564,-0.4018548,-0.04599258,-0.1486064,-0.4152086,0.6708257,-0.3224228,0.7580477
0.06912902,-0.1730719,0.3057112,-0.137171,-0.2055835,0.2261762,0.04677047,0.05111014,0.8298829,0.1542258,0.7190316,-0.579739,-0.3631059,-0.3420975,-0.2880746,0.1679088,0.1673951,0.09514236,0.1945725,0.08422153,0.3692009,0.09850635,0.0889229,0.7403695,0.3077321,-0.5183293,0.005093617,-0.09163477,-0.07603718,-0.1108873,0.01914808,0.2513276
-0.02256679,-0.2670749,-0.01235638,0.1429034,-0.221312,0.3030248,-0.008616189,-0.04333479,0.5263436,-0.6568753,0.1782401,-0.3722033,-0.8665742,0.1754791,-0.218926,0.2213656,0.2395871,-0.0773866,-0.4961145,0.2958938,0.562209,0.09502557,-0.1432961,0.5151618,0.1014697,-0.3253852,-0.00483123,-0.1177005,-0.4301268,0.3909905,0.3524041,0.7585216
-0.3011234,-0.2699256,-0.2366737,-0.2553434,-0.04778767,0.3751945,-0.03029967,-0.1031432,-0.04077266,-0.712038,-0.04669958,-0.2408277,0.09386536,0.6012545,-0.3580085,-0.05548676,0.4385734,-0.09766945,-0.4932114,0.3724126,0.1158216,-0.1162109,0.6093506,-0.2361907,0.5077791,0.1076546,0.1105432,-0.1458622,-0.3649859,-0.05487096,0.1643568,0.3624524
-0.5282286,-0.09737469,-0.6077832,-0.776078,-0.2599057,-0.3978503,-0.05866508,-0.040627,0.3966695,0.5309314,0.5175475,0.04087505,0.7529592,0.6810918,-0.5576221,-0.3244879,0.05544243,-0.4759738,0.9620963,0.2002468,0.3716906,-0.3210531,0.5116719,-0.7979296,0.1388317,-0.3241642,0.02188611,-0.1155113,-0.8277092,-0.6140884,0.6287335,-1.047262
0.5349257,0.2119508,0.1010562,-0.5203465,-0.112503,-0.09070662,-0.0518041,-0.1555269,-0.6671845,0.737756,-0.8594739,0.6307257,0.5583949,0.9165732,-0.2645226,-0.4038472,-0.09118917,-0.2776959,-0.5346802,0.4184367,-0.3962064,-0.4773615,0.2770426,-0.9504535,-0.5618144,0.05006534,-0.1103523,-0.06002587,-0.52142,0.1464536,0.1790951,0.1193109
0.2242798,0.2824167,0.1048612,0.9390437,-0.1375537,-0.05351442,-0.1299978,-0.01929454,0.6168719,0.4315499,-0.170259,-0.109864,-0.02621238,0.9086168,-0.1847391,0.06804154,0.2118126,-0.02240226,0.2801061,0.4756871,-0.1540601,0.2821549,0.4675909,-0.375548,0.2345625,-0.3540653,0.009663719,0.1086836,0.8142894,0.1642188,-0.2192063,0.1939231
-0.2027501,0.2982228,0.6577475,0.1069537,-0.07460285,-0.157039,-0.1326619,0.06110922,1.186669,0.1451654,0.06383587,0.5600405,-0.02656184,0.2237889,0.03016718,0.2990554,0.4366019,0.05267233,0.4649947,0.06912102,0.06262486,0.0002317924,-0.2178523,0.1746015,0.1996333,-0.07000317,-0.0163829,0.1482292,-0.1295047,0.5025554,0.1523026,0.1550248
-0.199317,0.05096039,0.1479491,-0.3580849,-0.08397388,-0.09668728,0.004606486,0.01242015,0.966456,0.5684755,0.2041943,-0.1452079,0.561352,-0.1755309,-0.0579837,0.1498165,0.1164042,0.1075453,-0.1521513,-0.2149752,0.173752,-0.7765149,-0.1336489,0.02120402,0.9688514,0.2406913,0.00801665,0.1251841,-0.8941665,-0.1658075,-0.03231419,1.245861
-0.4601185,-0.0644296,-0.2469373,0.09552638,0.3449467,0.05784095,0.00451757,0.1549356,0.9386799,-0.04215771,0.7492285,-0.5158653,-0.7218173,-0.220978,0.2517462,0.2524446,0.07701799,0.04332899,0.3008828,-0.373311,0.09360487,-0.174013,0.04652075,0.4596672,0.4777264,0.08765406,-0.00279206,0.113383,0.09868016,0.0005043306,0.4184771,0.6283504
0.8307086,-0.1986266,-0.7847576,-0.0560403,0.1826527,-0.2003249,0.1250039,0.1332899,-0.6998739,-0.2490577,0.1930931,0.0007573239,-0.08913562,-0.007314046,0.2598629,-0.006721467,-0.4023426,0.2140792,-0.5287968,-0.4166963,0.4740393,-0.5827425,0.1444706,0.1436293,0.1082681,0.04314898,0.002963342,0.1923947,-0.01060763,0.08857374,0.6583103,-0.03235151
0.3534239,-0.3404973,0.3884804,-0.1429938,0.7357442,-0.43475,0.240069,0.1197145,0.1740895,1.08826,0.1047184,-0.2107981,0.8088471,-0.4298866,0.2946295,0.480133,-0.9585385,0.08436864,-0.5177846,-0.1999042,0.7420292,-0.1692484,1.254061,0.708366,-0.1294865,-0.3432174,0.1957152,0.06123733,0.2107067,0.02359384,0.4156359,-0.07558002
-0.4803208,-0.3046601,0.4007072,-0.01692174,0.3743017,-0.3583691,0.1350496,0.09632064,0.284477,0.7110615,-0.2693678,0.1814611,-0.6488945,-0.1149445,0.194834,0.5314004,-0.4240122,-0.02850403,0.8474489,0.248229,-0.9378111,-0.3702699,0.3295129,0.2642533,-0.1351494,-0.1956963,-0.03500076,-0.06778562,0.146353,0.1642546,-0.6426412,-0.6791113
-0.01602231,-0.09055366,0.5409734,-0.08064011,0.109101,-0.1680967,0.1204342,-0.06787568,0.2499299,0.3305845,-0.6164716,0.0143018,0.209837,-0.4791231,-0.2614253,0.1497345,-0.4430971,-0.02648054,-0.1660139,-0.06729652,-0.6428654,0.001359048,-0.4387459,0.196953,-0.02426208,-0.6338519,-0.0217843,-0.1049244,0.1552445,-0.377785,-0.7729274,0.6095485
-0.1853242,-0.2239251,0.4038506,-0.03322751,0.02891846,0.2547617,-0.05629917,-0.07998786,0.7037471,0.169984,0.09072415,-0.1438001,-0.1064422,-0.08648637,-0.1345331,-0.3310692,0.1523634,-0.02127333,0.2769137,0.2628764,-0.233194,-0.1588321,-0.365652,0.05194222,0.02676854,0.297924,-0.115463,-0.1492425,0.2982255,-0.1764278,-0.381595,0.4802677
-0.6378816,-0.0869812,-0.4203057,-0.8353164,0.08207267,0.4113617,-0.09658446,-0.1309569,0.3543798,-0.4022748,0.3882398,-0.3226728,0.06894543,0.1514069,-0.4386415,-0.2314252,0.2611472,0.006079167,0.1763334,0.2245993,0.5357442,-0.4785857,0.04727009,0.08498708,0.7742507,0.08419222,-0.1892237,-0.1269854,-0.1970576,-0.1648768,0.5896685,0.2620411
0.6285878,-0.3255302,-0.02908702,-0.9654331,-0.008853593,-0.01964174,-0.1091852,-0.1183963,-0.0558863,0.3571939,0.2293268,-0.4005857,0.0360181,0.3297484,-0.5531467,-0.2125393,1.005535,-0.06855953,-0.2784919,-0.1283188,-0.1850474,-0.4614345,0.1963431,-0.02539322,-0.1942333,0.9824355,-0.0004860798,-0.1970631,-1.039388,0.3220098,-0.1122498,0.3595111
0.2323501,-0.3259014,-0.2986585,-0.249194,-0.6088969,-0.1148667,-0.1914322,-0.0886516,-0.4351009,0.4072216,0.0089814,-0.6173403,-0.1918964,0.453695,0.01689951,-0.2779975,-0.01524369,-0.1216012,-0.07280269,0.259405,-0.0977444,0.1895526,0.7695071,-0.3806193,-0.6034806,1.017524,-0.09082879,-0.2505443,-0.1270852,0.452749,-0.1045175,-0.6686576
0.3422236,-0.2844672,0.009162389,-0.09247562,-0.269716,-0.7739269,-0.008048397,0.1524489,0.552206,0.8502483,-0.5780255,-0.2461569,-0.0270134,0.7333009,-0.5469751,0.5062045,0.2666609,-0.04005416,0.1680254,-0.2517025,-0.3121614,-0.3629344,-0.3277822,-0.006721921,-0.7504597,-0.410965,0.1962375,0.006689993,-0.1790446,0.4798218,0.1165015,0.06745833
-0.2985993,-0.2391358,0.5554409,-0.4919878,-0.1635936,-0.4344453,-0.06573731,0.2599399,0.4359168,-0.04143368,-0.4867621,-0.002538519,-0.1252268,-0.2715531,-0.03023862,0.5919566,0.2409523,-0.04148718,-0.1088614,-0.6033831,-0.7870408,0.1868715,0.2221925,0.3287607,-0.2371935,-0.4648336,0.2075718,0.129538,0.2365674,0.1437116,-0.6536433,-0.1099043
-0.3159583,-0.1456294,0.5846285,-0.319649,-0.2314105,-0.04789094,0.001694456,0.2427879,0.3291744,-0.1066184,0.2537311,0.2170533,-0.2964132,0.009217163,0.007041284,0.275592,-0.2079941,-0.02965844,0.2642393,-0.1680054,-0.2827638,-0.1050715,0.2745184,-0.2021868,0.4611046,-0.8514364,0.1478201,0.1200529,-0.2626357,0.1760307,-0.2802927,0.2105195
0.1320651,0.03521951,0.1921476,0.3455534,-0.0253372,0.2683021,0.07551036,0.3852026,0.09894799,-0.3408902,-0.2636425,-0.7462611,-1.322968,0.04778885,0.1305604,0.1259028,-0.08986434,0.02848232,0.01778835,-0.03839026,-0.4373581,0.4940571,-0.2450608,-0.07274775,-0.1143876,-0.1330832,0.1288568,0.2585263,-0.07138691,-0.08270033,-0.9408519,0.2169973
-0.3497784,0.09841794,-0.3980756,-0.01664845,0.1114889,0.603601,0.03696125,0.4044717,-0.06672341,-0.4084844,-0.1324383,-0.2190961,0.1797208,-0.01965891,0.1522654,0.394896,-0.1658966,0.05428644,0.0117697,0.1166581,-0.02723906,-0.05624443,-0.3988664,0.3196553,0.2045853,0.08608694,-0.09883685,0.2112477,-0.4424063,-0.3323641,0.3490461,0.2224713
-0.1806654,-0.02562661,-0.6772323,-0.2030802,0.0780802,1.284136,0.1149658,0.4165803,-0.3712285,-0.0860783,0.399786,-0.2187849,0.3498183,-0.01962388,-0.08357438,-0.003818793,-0.2136569,0.1738962,-0.6350332,-0.1906358,0.8141199,-0.166988,-0.5050622,-0.1305488,0.0561767,0.6018649,-0.2378745,0.2759317,-0.6469034,-1.214259,0.3009851,-0.6011987
0.3698856,0.2497473,-0.05514465,-0.4006125,0.227281,0.8788194,0.1376693,0.120747,-0.4319396,0.251743,-0.2935299,0.09615608,0.6512046,-0.06122537,0.03446964,-0.204805,-0.1731477,0.1117026,-0.1154666,-0.08038516,-0.04772634,0.656553,-0.1211722,0.2056061,-0.1974338,0.1046087,-0.3722669,0.05492771,-0.4470531,-0.473361,0.09340788,-0.3692949
-0.2063918,0.1497512,0.4486229,0.1253116,-0.06644602,0.3002458,0.2005412,-0.1787043,0.2058756,0.3269521,0.01507405,-0.1749203,0.3514454,-0.1095836,-0.1473716,-0.6955687,-0.6307932,0.03040277,-0.333881,0.489792,-0.7601727,0.03405058,-0.2385519,-0.5961674,-0.1823327,-0.1900974,-0.1135363,-0.1230241,-0.4254808,-0.2405386,-0.6236835,0.002285094
0.1436837,0.06058728,0.505136,-0.1781607,-0.06175433,-0.05441666,0.1419435,-0.1534773,0.5447446,0.6023403,-0.3308892,0.6352418,0.1275503,-0.03249092,-0.1125008,-0.4096126,0.1209071,-0.02933432,-0.1927359,0.2699507,-0.4581936,-0.5269883,-0.4594081,-0.002996619,-0.03035439,-0.02480814,-0.007438547,-0.09828546,-0.07874229,0.5894746,0.07156411,0.02200387
-0.1612824,0.08910275,0.2179344,-0.07470206,-0.3604526,-0.4478436,0.1436941,-0.1915625,0.3675398,-0.6574922,0.3894171,0.6999592,-0.5659374,-0.00537336,-0.1883264,-0.5655775,-0.252043,-0.1030346,-0.007823498,0.2104917,-0.01375346,-0.09325176,-0.02949866,-0.2177623,0.8606778,-0.6042069,0.1192123,-0.08495148,-0.4398513,0.5179123,-0.8306046,0.3530441
-0.878067,-0.2312324,-0.172147,-0.3822157,-0.2454697,-0.2521091,0.1263687,-0.2217481,0.3837111,-0.9427772,0.8937176,-0.4602422,-1.625787,0.06868301,-0.3055215,-0.2041002,0.1140471,-0.1962864,0.09657931,-0.06502957,0.271446,-0.5417053,0.5192682,-0.1165382,0.9256525,-0.5388601,0.1341376,-0.1031257,-0.3279561,0.4962699,-0.2630481,0.2633292
0.2427693,-0.2231046,-0.06834927,-0.2054617,-0.8646525,-0.6544064,-0.007001069,-0.1374403,-0.2695572,-0.2160317,1.111457,-0.2336291,0.1521934,0.1167908,0.03694628,-0.8873155,0.1065776,-0.2006532,0.2010884,0.2089839,0.6923118,-0.3193401,0.02249137,-0.6863973,0.2820284,-0.3667809,0.2390375,-0.04394191,0.1172159,0.2970291,0.4544215,0.07275439
-0.1760451,-0.1602354,0.1784749,-0.4265391,-0.2185698,-0.4229695,-0.02026604,-0.03092106,-0.7348869,-0.443266,-0.2713606,0.9163077,0.5681953,0.2015878,-0.3068436,0.132083,0.7011685,-0.1175064,0.5724635,0.1182245,0.2244502,-0.2676662,0.7142682,-0.35002,-0.04852991,-0.05701979,0.3241953,0.05909276,-0.135953,-0.09169921,0.2934635,-0.9509771
0.1870042,-0.1109844,0.2212475,-0.2732298,-0.002478348,-0.4975329,-0.2564872,0.1615909,0.4492378,0.5420322,-0.3965965,0.1898056,0.8511986,0.1784309,-0.2623616,0.5673699,0.776094,-0.02228028,-0.01241863,-0.2788397,-0.1002967,-0.3597985,0.5716456,0.07014158,0.167006,0.2173704,0.058901,0.02123181,0.05944938,-0.2296682,0.5191961,0.7468265
0.0220406,-0.09090867,-0.1384244,-0.4152051,0.06612889,-0.498707,-0.2219468,0.2378216,0.6830862,1.097382,0.2095311,-0.3430107,0.574232,0.3040175,-0.04989989,0.8472557,0.6851079,0.0789534,0.3865108,-0.07055662,-0.0237647,-0.02467748,1.213878,0.4409324,0.2622026,-0.3126233,-0.08528703,0.09302508,-0.4551764,0.06356949,0.4416084,-0.01792547
0.01614332,-0.01307749,0.3097039,-0.5916995,0.05490059,-0.2655568,-0.13028,0.1538904,0.6929836,-0.1867097,0.2314744,0.02041388,-0.5002928,-0.0005374232,-0.301741,0.4858536,0.210251,0.1105391,0.05891622,0.1091981,0.3394716,-0.845861,0.03556837,0.1420572,0.3738364,-0.4108242,-0.1189867,0.03118834,-0.2236289,0.05912427,0.05226357,0.5457994
-0.599972,-0.002221864,0.04271189,0.001692926,0.2607308,-0.1816348,-0.1602234,0.1865543,0.6208411,-0.03536546,0.337249,-0.5020624,0.1588205,-0.09234396,0.04808566,0.3692467,-0.2271383,0.1793645,-0.06305662,0.4163078,0.6033012,0.05058666,-0.4612952,0.5521449,0.3917001,-0.01306721,-0.1231393,0.04818901,0.113363,-0.2410327,0.2830783,-0.1401625
-1.399531,-0.0807001,-0.024138,-0.01929074,0.4709543,0.301285,0.005794357,0.1567233,0.5821621,-0.584416,0.2384571,-0.03295799,-0.4140747,-0.2257506,-0.06572786,0.01988748,-0.08256836,0.1698844,-0.0231721,0.5759799,-0.2635936,0.02870111,-0.5800791,0.1163969,0.0993169,0.3721527,-0.1378845,0.08085632,-0.3537248,-0.2418188,-0.3428098,-0.1355582
0.6742194,0.006892465,-0.6797894,-0.3236005,-0.01454126,0.4392478,0.1946934,-0.150411,-0.3643059,-0.06089472,-0.1430625,0.3361314,0.3842056,0.03296679,-0.06743482,-0.8281396,0.097132,0.06114811,-0.6181149,0.2289931,0.3227727,-0.242934,-1.255976,-0.6323269,0.2162343,0.9857622,-0.2389858,-0.1717719,-0.7909717,-0.1308248,0.3876276,0.5166926
0.430943,-0.07620056,-0.04547526,-0.0740216,0.04357478,0.7652409,0.1950308,-0.1008581,0.01247328,0.9369631,-0.3081645,-0.1129331,0.9954581,0.193673,0.3620085,-1.256852,-0.1402994,0.04021294,0.5948999,0.2712128,-0.4734837,0.03218708,0.4181777,-0.3294441,-0.7351962,0.706945,-0.08581094,-0.03086101,-0.6196356,-0.1677333,0.1007088,-0.4533724
0.182372,-0.3063111,0.1062824,-0.2131548,0.03399299,0.7246733,0.2446375,-0.2788107,0.4907077,0.07236469,-0.1817482,-0.0509828,-0.6634539,0.136463,-0.03165859,-0.935827,0.4764581,-0.05396616,-0.1996208,0.1030955,-0.1190135,0.6544008,0.05085181,-0.8071829,0.1814142,1.028694,0.04862444,-0.07344286,0.6039906,0.1892241,-0.09470015,0.08183332
-0.06595547,-0.2919685,0.5868166,0.1034747,-0.08746403,0.07595766,0.1196034,-0.2013236,0.5538574,1.071819,-0.5202259,0.141474,-0.460339,-0.2628874,0.1529138,-0.7781422,0.1492595,-0.1297221,-0.2463618,-0.2648911,0.06311526,0.0328033,0.2260678,-0.5234798,0.1456323,0.3894721,0.03380218,-0.02472965,0.275542,0.5040618,-0.3764443,0.2084704
0.006035574,-0.3580178,-0.1051205,-0.3284518,-0.04445435,-0.3294462,0.1000569,-0.1109399,0.7733811,0.6912466,0.3005717,-0.7687783,-0.2036023,-0.3549173,0.02033523,-0.5196534,-0.1125903,-0.1613149,0.7370853,-0.5377256,0.3125879,-0.07875671,0.3560672,-0.4353819,0.2776351,-0.1200125,0.05991586,-0.008939742,-0.4236841,0.1900571,0.2266741,0.8615056
-0.124309,-0.3384902,-0.05446216,0.1264108,-0.3737831,-0.6037526,0.02154235,-0.09714473,0.1119173,-0.1649564,0.002021438,-0.5062227,-0.9520813,-0.4200955,-0.0992882,-0.134606,-0.1524335,-0.1816547,-0.2846412,-0.3805405,-0.1598976,-0.05102288,0.07428188,0.1467467,0.7579613,-0.5715936,0.05977568,-0.0743511,0.447731,0.09063879,-0.2614325,0.7438449
-0.1578563,-0.3946011,-0.5278939,-0.1433914,-0.4645543,-0.5551056,-0.09966406,0.08787151,-0.6005643,0.3466687,0.5050853,-0.1212331,0.3829066,-0.3974831,-0.2868095,-0.382412,0.05050806,-0.1624241,-0.3549084,-0.4525642,0.276776,-0.1254271,-0.1616222,-0.1233721,0.2606494,-0.7402211,0.1946977,0.09957545,0.147708,0.1126684,-0.005079885,-0.4734044
-0.09676562,-0.1546849,0.187203,-0.1829546,0.05464581,-0.003754606,-0.063533,0.1611148,-0.38181,0.5643681,0.2309857,0.1025884,0.09349499,-0.4807068,-0.5338607,-0.1100637,0.178575,-0.101209,0.3612021,-0.405467,0.3092443,-0.1562759,0.07564609,0.5759373,-0.5628116,-0.00485521,0.2949201,0.0954776,-0.2407463,-0.0356641,0.5557896,-0.686702
0.09959352,-0.004651363,0.5805659,-0.005508318,0.659321,0.73818,-0.202579,0.1925141,0.1601723,-0.213312,-0.3998554,0.6289297,-0.4599352,0.01734088,-0.3020247,0.6485311,0.2344838,0.09022757,-0.6329733,0.5361301,-0.7512918,-0.06648488,0.1993574,0.1675368,-0.2560461,-0.08054657,0.04553423,0.0377988,0.1036954,-0.2950293,-0.8875284,0.2908264
0.29983,0.1124798,0.7026232,0.1497342,-0.06742398,0.3534884,-0.1014548,0.2179802,0.6206847,0.4258519,0.01891848,-0.1095696,0.0274999,0.02382468,-0.1861635,0.350365,-0.195173,0.1762678,0.3435997,0.357504,-0.9037423,-0.0723542,0.1973301,0.06037926,-0.1332209,-0.30543,0.07750918,0.09594572,0.1980956,-0.5271784,-0.7837435,0.6585283
0.4629101,0.04785547,0.317303,-0.3271267,0.2217989,0.3317796,-0.1213312,0.1556213,0.4120526,-0.5322298,-0.1116304,0.4204058,-0.4930577,-0.003910719,-0.09696881,0.7664082,-0.1793876,0.1772582,-0.3419603,0.5413992,-0.193363,0.2230812,0.003764734,0.2002084,0.2926292,-0.06854492,-0.08599682,0.07991939,0.04089716,-0.5793002,-0.4527672,0.2260713
-0.4140384,0.1253617,-0.4801733,-0.1526597,0.6329204,0.3195473,-0.01728721,0.09340671,0.2732571,-0.2619474,0.5496948,0.02527116,0.1600289,0.08384941,0.01758258,0.7043931,-0.01979782,0.1803686,-0.006720609,0.3306839,0.1448528,-0.2807524,-0.3918641,0.2119111,0.5360705,0.166377,-0.05960618,0.1204736,-0.258219,-0.330143,0.3753996,0.1682178
0.265176,0.170383,-0.1678593,-0.2966762,0.2148945,0.07431566,0.02589283,0.1247436,0.1276006,0.7483778,0.472415,-0.6746511,-1.034996,0.400447,0.08763172,0.2670261,-0.4874823,0.1260748,0.5569978,0.5887875,0.1392766,-0.6443611,-0.01017038,-0.01402975,-0.2240901,0.319786,-0.2101116,0.09552104,-1.015403,-0.168731,0.1539394,-0.1487651
-0.5227218,0.2475089,-0.266755,-0.1572399,0.08818515,-0.2684686,0.04254955,-0.08653636,-0.2448406,-0.2251587,-0.2693515,-0.1357623,-0.4355224,0.7206055,0.01591364,-0.09363986,-0.6144027,-0.01727371,-0.06517112,0.8418345,0.3877062,-0.3106951,0.1264672,-0.563991,-0.5076886,0.01398888,-0.3409212,-0.08077813,-0.3185824,-0.3209304,-0.1145782,-0.8164586
-0.5574088,0.03675721,-0.01462676,0.2089869,-0.7624855,-0.2774818,0.2978756,-0.1652053,0.8407426,0.7166277,-0.4919513,-0.005656775,0.2630685,0.960613,-0.126171,-0.1181952,-0.3254877,-0.146146,-0.03255978,0.5655817,-0.3596171,-0.1675761,0.05615546,-0.3154987,-0.4374228,-0.4259256,-0.05372938,-0.1186199,0.03440097,0.4957598,0.2396613,-0.02643297
-0.1522855,0.004171696,0.1355194,-0.814095,-0.7127201,-0.5302647,0.1481361,-0.1752166,0.5369405,-0.03478492,-0.7750203,-0.3891185,-0.4373066,0.09227653,-0.2669911,-0.3185152,-0.01635691,-0.1400215,-0.009845704,-0.1683464,-0.7992371,-0.3214659,0.5457226,-0.1262149,-0.5155268,-0.3575317,0.08357368,-0.1387464,-0.6221552,0.6038486,-0.6255848,0.04101325
-0.4181855,-0.01515784,0.4554264,-0.3524679,-0.3190766,-0.0660712,0.1617856,-0.1092411,0.4454472,-0.1594116,0.4745878,0.3153416,-0.1795372,0.3074708,-0.1688376,-0.3192728,0.1355293,-0.08950533,0.06197529,0.007090314,-0.224262,0.130791,0.0893092,-0.286259,-0.006820798,-0.01565051,0.1640192,-0.07183845,-0.4436775,0.3057998,-0.5330513,0.2487065
-0.4146029,-0.3060013,0.2353925,-0.4644718,-0.2232943,0.05394102,0.1230819,-0.0747589,0.6093659,-1.081575,-0.1024238,-0.49889,-0.9167307,-0.04594649,-0.3312601,-0.0559761,0.3711332,-0.06879295,0.1289033,-0.2164749,-0.2793825,-0.4621528,0.09644214,0.2170696,-0.09115202,0.1428359,0.21067,-0.05452846,-0.3292795,0.5101405,-0.5328032,0.3638439
0.2211478,-0.3459681,-0.7003015,0.0465629,0.1592145,-0.0260984,0.1013142,-0.0620514,0.2119749,-0.407546,-0.1910336,0.1082171,0.3456252,-0.1771015,-0.19066,0.01367632,0.6683964,-0.05776427,-0.02505491,-0.2636116,-0.003527839,0.2181851,-0.417045,0.3976301,-0.01216498,0.007038879,0.2507473,-0.004251588,-0.488366,0.4036786,0.1545969,-0.3413825
-1.096498,-0.3976955,-0.7766125,0.3861685,0.04961771,0.2402506,-0.002423012,0.1962506,-0.4764186,-0.5925751,0.262466,0.1319501,0.1417995,-0.9965682,0.01876732,0.3659756,0.3647426,0.1123382,0.5956491,-0.8502352,0.4164344,0.1795924,-0.9842145,0.9189525,-0.1047834,-0.3403357,0.2423836,0.2593712,-0.6325401,-0.1038496,0.5807621,-0.4255711
0.5379079,-0.1772404,-0.2214431,0.01070289,0.2956903,-0.36186,-0.2734428,0.07261185,0.2151028,0.4247225,-0.3691441,0.01736348,-0.2004582,-0.6962355,-0.1252228,0.1462819,0.4321559,0.02599798,0.2057031,-0.6747116,0.1817437,-0.4302245,-0.3824422,0.9446814,-1.197525,0.4926109,-0.0252055,0.1167624,-0.5266911,-0.1059501,-0.03108328,-0.06066985
-0.5187507,0.01756464,0.5737799,0.6477712,0.5020691,0.1326874,-0.1753283,0.2256465,0.08894651,0.8642552,-0.2489507,0.08872787,-0.2062278,-0.8296875,0.07141837,-0.4163721,-0.2448984,0.005156345,0.1193215,0.1317938,-0.5158285,0.6525467,-1.053191,-0.2236149,0.2768345,0.3023614,-0.1585837,0.2070647,-0.4874394,-0.8218733,-0.9016084,0.3229726
-0.4205723,-0.1772062,0.8597004,-0.276728,-0.04938973,0.1484897,-0.1446403,0.187913,0.4863552,-0.0162034,-0.0870891,0.4950861,-0.5195388,-0.2426239,-0.1536727,-0.3267052,0.2194692,-0.009077881,-0.003105276,0.5118219,-0.8372921,-0.3355535,0.1388454,-0.3776695,-0.1852092,0.2222174,-0.153293,0.1021607,-0.4515211,-0.2063805,-0.3159669,0.07307884
0.1612308,-0.1096397,0.121137,-0.116672,0.2603987,0.06892923,-0.129327,0.01638928,0.5019825,0.5262377,0.6185374,-0.05421611,-0.2228611,0.06412218,-0.1028702,-0.5565843,-0.1173409,-0.01985001,-0.2232134,0.2454936,0.1251151,-0.06235239,-0.127689,-0.4358092,1.036387,0.3132438,-0.1792663,0.003461457,-0.2292371,-0.5324227,-0.7100713,0.4620192
-1.109446,-0.1456738,-0.3034092,-0.1289298,2.384678e-05,0.04664153,-0.05659936,-0.02872662,-0.1262648,-0.9686369,1.08915,-0.7806153,-0.4166734,0.1828337,-0.1046878,-0.1636938,-0.2571183,0.03769501,0.1598468,0.4839322,-0.210365,-0.3856481,0.1330295,-0.1729995,1.501153,0.2585844,-0.1552466,-0.06119797,-0.2549579,-0.07785656,-0.6017318,0.3850981
0.2876634,-0.08960085,-0.3430165,0.03611502,-0.2961946,-0.3158492,-0.06105136,-0.256091,-0.4529289,-0.005953465,1.232119,-0.1770294,0.01146911,0.1300418,-0.07745381,-1.073658,-0.9353973,0.000700796,-0.4889742,0.4899042,0.7263657,-0.2137704,-0.1382402,-1.009823,0.493179,0.3053078,-0.2028224,-0.2720733,0.2945238,-0.7180329,0.1936844,0.009833739
0.2445811,-0.199235,-0.07524306,0.2034722,-0.09784606,-0.1968049,0.1257782,-0.2943681,-0.9198254,0.4191074,-0.4949276,0.1605335,1.007223,0.1060425,0.2616344,0.2669068,-0.3496955,0.078284,0.1415878,0.1345269,0.04799005,0.08207396,-0.2503523,-0.03792332,-0.01131565,1.072337,-0.004016115,-0.3078583,-0.3665248,0.3670067,0.1274669,-0.3433701
0.4364662,-0.01769551,0.2639048,0.1087249,-0.4247926,-0.433941,0.1611658,-0.156703,0.7338745,0.7385677,-0.393486,0.5191772,0.395302,0.3502486,0.2507971,-0.187965,0.008173708,0.07669399,0.1677065,-0.5506858,-0.1173894,-0.1191584,0.4012671,-0.2980222,-0.4269024,-0.1915153,0.08006322,-0.1632798,-0.005120354,0.3800405,0.6745137,-0.03500507
0.3397103,-0.01510403,-0.6657443,-0.1513403,-0.4015781,-0.1692171,0.1730096,-0.1382582,0.2433544,0.4318429,-0.4031354,-0.06798876,-0.3661235,0.5841718,0.184301,0.1169147,0.2223515,-0.06538349,-0.333715,-0.3607153,-0.2499488,0.1316747,0.7416447,-0.1491756,-0.06442656,0.1802091,0.09235378,-0.08086408,-0.0203003,0.5838912,-0.3323921,0.6054554
-0.4984053,0.02089466,0.2089771,0.03528876,-0.2385876,-0.1324619,0.1299202,0.0769582,1.028883,0.2536966,0.3856201,-0.1746347,-0.3571314,0.234293,0.05716752,0.2650514,0.2731247,-0.07687134,0.3903941,-0.1664049,0.4494484,-0.07757974,0.2255137,0.2113174,0.4600818,-0.6800228,0.1979152,0.07219909,-0.1613182,0.5313115,-0.1022187,0.1636208
-0.5834933,-0.06326175,-0.1405528,-0.3704827,0.3876546,0.2475855,0.09892585,0.109032,0.1525923,-0.3727504,0.3017027,-0.5078411,-0.816191,-0.1529291,0.07556871,0.3604528,0.029826,-0.1100476,-0.4015195,-0.09936826,0.4809803,-0.09579459,-0.1183935,0.01756304,0.1038627,-0.08356179,0.1308225,0.1418091,-0.226894,-0.2273101,0.2688474,0.1511865
-0.6518039,-0.06082125,-0.08130842,0.2173286,0.7388771,0.483906,0.08716849,0.2213941,0.2113928,-0.2860676,0.1422842,-0.6649269,-0.6792751,-0.09076391,-0.1368135,0.7418416,-0.05004292,-0.07357936,-0.05783738,0.07983678,0.06638338,0.1298723,-0.700196,0.4360726,-0.04634956,0.2894667,0.2703371,0.2859886,0.2115809,-0.3166201,-0.2423931,0.401556
0.6396922,-0.09192148,-0.1736839,-0.1998985,0.4275426,0.1532564,-0.07098973,0.3646829,-0.2838521,0.720942,0.6474155,-0.2430182,0.8128399,-0.2609127,-0.03648153,0.1738649,0.07357457,0.04311997,1.122557,0.2883163,0.6297526,-0.3474028,-0.7107069,0.2292821,-0.08816765,0.06402236,0.1319073,0.3025106,-0.5413371,-0.5057712,0.8349845,-0.8386244
0.8858537,-0.03444959,-0.07295366,0.1477711,0.5593038,0.1084833,-0.1423581,0.03794893,-0.8776152,0.895889,-0.8764544,0.8355898,0.02486859,0.09371044,-0.28798,0.05218258,-0.1436586,0.1089896,-0.8904737,0.4860813,-0.5213053,-0.06297716,-0.5092009,-0.6799923,-0.578548,0.3735932,-0.1300457,0.1299431,0.3079069,-0.7238678,0.01247307,-0.01232952
-0.5376186,0.02347563,0.4722958,-0.1815069,0.444694,0.1227338,-0.1918152,0.07626364,0.4619191,0.3903313,-0.1385094,0.005385483,0.2263865,0.3032847,-0.2409956,0.1769451,-0.3220715,0.189719,0.8210844,0.1086587,-0.3991623,0.002771582,0.1502793,-0.2452846,0.06924583,0.6187221,-0.1375778,0.03170613,-0.2514856,-0.4898883,-0.111129,0.0437202
0.1340117,-0.1014969,0.4118331,-0.2962997,0.3483886,0.121915,-0.1756692,-0.007869758,0.6494573,0.3619074,0.1680475,-0.4799289,-0.7064993,0.2432303,-0.3441879,-0.1042564,-0.4506977,0.1735339,0.272067,0.2114316,-0.09125052,-0.302324,0.7880878,-0.5455381,-0.3067629,-0.07387456,-0.2715497,-0.06514441,0.01534264,-0.469528,-0.3893688,0.3311737
-0.005609884,-0.2791896,0.01620642,-0.3955072,-0.1164195,-0.08224193,-0.08136614,-0.10103,0.689172,-0.6297342,0.4575079,-0.3247053,0.02687744,0.2263373,-0.5034134,0.08738309,-0.1756991,0.07557249,-0.09391399,0.2568225,0.3865221,-0.5510052,-0.3525261,-0.2306456,0.6505798,-0.2884262,-0.1759286,-0.106232,-0.3928257,-0.3231581,0.08836138,1.006426
-0.5046944,-0.2980734,-0.08342331,-0.4247485,-0.4218459,-0.7125726,-0.07033038,-0.1278559,0.08902011,-0.01061677,0.2567373,0.07408939,-0.4332457,0.2639624,-0.3901419,-0.2504959,0.08322643,-0.02688759,0.1514328,0.247598,0.4833675,-0.06109165,0.274311,-0.2211091,0.4670252,-0.1770207,-0.1251883,-0.193836,0.1925815,0.1097127,0.03764643,0.2473951
0.7897208,-0.2931731,-0.9034128,-0.1761352,-0.852632,-0.1269987,-0.01562674,-0.2219923,-1.119354,-0.5245736,0.1830693,0.04193279,0.2020778,0.1521052,-0.3443745,-0.4141501,-0.1891138,-0.1549398,-0.4292791,0.1346123,0.1680863,-0.3742639,-0.2776339,-0.3472022,0.1838993,-0.5137585,-0.1372723,-0.2206785,-0.07828221,-0.09227925,-0.3276802,-0.3187388
-0.201809,-0.240178,0.7451069,0.5275295,-0.5550861,-0.4242066,0.1859057,-0.275936,-0.7897329,0.5920771,0.02039291,0.7486639,0.8507953,0.3651923,-0.2699633,-0.02956219,0.8676831,-0.3317857,-0.3964177,-0.1666629,0.1356089,-0.36654,0.1416929,0.7654394,-0.2985437,0.3157785,0.07188482,-0.284657,0.1274281,0.7327316,0.5261206,0.2457281
0.1387562,0.09711342,0.69698,0.01421252,0.1039295,-0.3053267,0.1327055,-0.1238116,0.2598914,0.140066,-0.4015124,-0.1087858,-0.02753469,0.02301642,-0.1379699,0.1532642,0.6521386,-0.1784122,0.1133805,-0.0660843,-0.8231747,0.3301799,0.5052676,0.3925051,-0.3201336,0.7278048,0.2417811,-0.1050934,0.3102559,0.4503645,-0.862483,-0.2947266
0.1768531,-0.06785025,0.7304953,0.09068755,-0.1118824,-0.4607439,0.1545761,-0.04623343,0.8650418,0.3083249,0.0345506,0.8397444,-0.03188189,-0.07279977,-0.06110905,0.05992661,0.5427878,-0.1517392,-0.1817813,0.007367181,-0.5131242,0.01517859,-0.1015246,0.07067174,0.2337859,0.1782606,0.219773,0.01449423,-0.2389108,0.4203546,-0.5822644,0.7332602
-0.08564323,0.04415474,0.2467058,0.1763626,0.5722283,0.02285681,0.06835085,0.01189878,0.5723388,-0.2664258,0.1471761,-0.09863129,-0.5790107,-0.3561996,0.2096668,-0.0231494,0.1816194,-0.05591711,0.3750743,-0.2143491,-0.1543455,0.1981997,0.0819157,0.4601948,0.5020463,0.4396935,0.1461007,0.03592015,-0.1340251,-0.07045446,-0.1920995,0.2611808
0.1054167,0.09856276,-0.6573823,-0.1128525,0.4174666,0.3715835,-0.006934241,0.06662435,0.2822218,-0.4143472,0.8691663,-0.5668802,0.2602656,-0.4554809,0.09543525,-0.09927652,-0.02088161,0.0676431,-0.06208219,-0.2200877,0.6111604,-0.5300247,0.1205515,0.1418474,0.6576559,0.2687765,0.01019627,0.1391491,-0.4749319,0.03118489,0.1413625,0.04908267
-0.03870521,-0.1888422,0.01991393,-0.2218244,0.6361492,0.4158784,0.05610404,0.1975191,-0.2839194,-0.1147118,0.3371938,0.07540061,-0.0420218,0.1620423,0.246953,-0.1920372,-0.0889433,0.11241,-0.2961398,0.2960761,0.6462815,-0.4465226,-0.3211919,0.4864204,0.1400874,0.3458375,0.08118815,0.2073518,-0.5394978,-0.05040698,0.2402384,0.5027145
-0.4857146,0.07440303,0.03911571,0.1033045,0.709389,0.4876311,-0.04455589,0.2471439,0.08411112,-0.2005983,-0.9135208,-0.08355097,-0.1032638,-0.0316418,0.3822279,-0.2736133,-0.3080451,0.3043565,-0.07611862,0.1596219,0.3198552,-0.07567145,-0.4368098,0.3332467,-0.8331723,0.4795566,-0.05706177,0.3640536,0.07607144,0.07012283,0.3325217,-0.6716161
-0.1306949,-0.3123027,-0.0152252,0.1129221,0.1988856,0.7634766,-0.05659975,0.2239726,0.3355016,0.6796375,-0.8625242,0.8285148,0.5223125,0.5285867,0.1542352,-0.3358322,-0.07086414,0.1478954,0.08038606,0.81218,-0.1440581,0.06271277,0.3361302,-0.07703364,-0.6244684,-0.1743039,-0.2068158,0.1876977,0.4547518,-0.1412247,0.2096237,0.1727675
0.02558293,-0.2482786,0.6190664,0.08485814,-0.07892694,0.2767672,-0.06037174,0.1587113,0.4351019,0.8248489,-0.883514,-0.0003996085,-0.2645417,0.7526513,0.2446821,-0.4341649,-0.3568543,0.0644474,0.005448666,0.5936013,-0.9470702,0.3472319,0.6003628,-0.5590982,-0.3155389,0.3307643,-0.1250433,0.06234838,-0.5133573,-0.4353166,-0.5892479,0.4703806
-0.3813604,-0.2193726,0.825524,-0.6371288,-0.4531006,-0.1271775,-0.05752014,-0.01252384,0.5514024,0.4757398,0.1783664,0.3194818,0.1088783,0.1816731,-0.1856645,0.07615569,-0.3158117,0.009766443,0.05917663,0.3760476,-0.2782444,-0.5549965,0.5129322,-0.393841,0.3012507,-0.1145203,-0.1099943,-0.03149538,-0.4542375,-0.3940929,-0.8017242,0.8793691
-0.6770772,-0.2205862,0.4534776,-0.2821082,-0.4553559,-0.514575,-0.03460858,-0.04744284,0.9498198,-0.1362676,-0.09513808,-0.458172,-0.2329673,0.1698586,-0.3490059,0.2488319,0.2027302,-0.08393181,0.1899647,0.3124155,-0.1834496,-0.1604762,0.2703941,-0.2454522,0.3945746,-0.1273496,0.02501384,-0.1364284,-0.5343196,0.2009223,-0.5380167,1.07504
-0.1729248,-0.4334211,-0.9383733,-0.2678287,0.04671897,-0.2115973,-0.08845641,-0.2246881,0.434835,0.2689331,0.3414676,-0.7448972,0.03359162,-0.3595817,-0.3079458,0.6460338,0.3186115,-0.1035238,0.5610106,-0.1083652,0.374545,0.02851849,-0.1920282,0.2807602,0.1922396,-0.4942193,-0.07726548,-0.2554645,-0.463729,-0.1283958,0.6331065,-0.02795733
0.05804391,-0.3753938,-0.6472817,0.4624018,-0.2066775,-0.5234169,-0.1090606,-0.3763975,-0.3808191,-0.1876022,0.3354648,-0.09287865,0.4285715,-0.8858596,-0.4367492,0.9400405,0.799112,-0.2186297,-0.4311583,-0.801006,0.6805081,0.08740737,-0.9603503,0.6704126,-0.05060295,-1.717906,-0.09654126,-0.4497524,0.3225873,0.1381593,0.2333999,-0.3844659
-0.05118287,0.2202791,-0.374576,0.2360438,0.2632916,-0.09343315,-0.07659671,-0.3671369,-0.06780014,0.9667723,-0.274468,-0.2880031,0.8234749,-0.2153344,-0.1601071,0.5687602,0.7236728,-0.2098642,-0.2491567,-0.6096669,-0.131668,0.05602147,-0.3740836,0.6524582,-0.5678416,-0.3414265,0.00744479,-0.3383781,0.2532807,0.3585418,-0.1379406,0.06767746
-0.3135136,0.5764176,0.5467233,0.1958407,0.6714665,-0.2983079,0.09049485,-0.154487,-0.1267172,0.4355033,-0.3448274,0.5374888,0.3027328,-0.571427,-0.1351669,0.1332122,0.01647934,-0.1101238,-0.02163902,-0.6040674,-0.5968783,0.6088732,-1.427043,0.00378544,0.1753585,-0.274011,0.1447981,-0.02928493,0.05399443,-0.7006893,-0.8046721,0.4612243
-0.4807096,0.3197405,1.111189,0.3034212,0.804844,0.4614831,0.1464686,0.09302765,0.7660297,0.9142368,-0.1807071,0.7056508,0.9357835,0.2181523,0.01754017,-0.3126151,0.0796993,-0.0294233,-0.3412571,-0.06835537,-0.5442348,-0.1524472,-0.4776459,-0.4029061,0.3404377,0.6319335,0.1365095,0.1099992,0.2121348,-0.1972073,-0.0283177,0.3152924
0.4808404,0.2542773,0.3300713,-0.571585,0.3481054,0.2453248,0.1032504,0.1403521,0.6617663,0.3992039,0.7607679,0.3524975,-0.07970507,-0.1620418,-0.05110005,-0.3127359,-0.1410055,0.02157344,0.2491117,-0.1098948,0.349457,-0.3728579,-0.08829738,-0.3097914,1.211063,0.1862868,0.1007266,0.2222896,-0.07364882,-0.2486226,-0.05065686,0.9206912
-0.3138372,0.3342534,-0.1891375,-0.3546615,0.05398879,0.07190915,0.1967571,0.2468966,0.1848644,-0.5052816,0.9688357,-0.201438,-0.2114836,0.7433716,-0.1029093,-0.04424015,-0.09760635,0.1250762,-0.02463493,0.3170173,0.6677677,-0.2255525,0.3200772,-0.2051247,1.069352,0.2330559,0.1433507,0.3048875,-0.2348359,0.02250724,-0.05178795,0.23215
-0.3640805,-0.01943325,-0.4601549,0.2105615,-0.08176362,0.1145512,0.08681427,0.3440683,-0.2513111,-0.1453404,0.3271597,0.3022288,0.7076587,0.02123095,0.2593764,-0.4781142,-0.3312021,0.2799998,-0.07579533,0.01248758,1.017742,-0.3845873,0.09492648,-0.06393639,0.9694338,0.05284721,0.1167778,0.4057954,0.0702022,-0.06224356,0.4896006,0.05837102
0.8059366,-0.320028,-0.2471939,0.3042785,-0.2161388,-0.02346409,0.07023789,0.2831206,-0.09001844,0.6066397,-0.3942624,0.4271955,0.5124571,0.4617508,-0.2634137,-0.1394896,0.1225257,0.2329235,0.7478873,0.7499168,0.4831263,-0.2135463,-0.01960524,0.2468519,-0.6702581,-0.8314241,-0.05712423,0.2771285,0.2201773,1.115758,0.6341956,-0.7610289
0.2852225,-0.4829538,0.257662,0.12237,-1.083706,0.07585853,-0.1651291,0.04160095,0.6250029,1.088053,-0.2536285,0.5791564,1.003747,0.2093172,-0.2064495,-0.08395986,0.1968153,0.1887785,-0.05758743,0.6424271,-0.1333051,-0.09081655,-0.2648981,-0.040158,-0.2919517,-0.8142685,-0.2616381,-0.07649186,0.4154939,0.8976992,0.9134352,0.2398134
-0.004317721,-0.4301004,-0.4728265,-0.287211,-0.5837535,0.1030521,-0.2244083,-0.1380216,0.5702258,0.2094435,0.0012827,0.09380654,0.324007,0.5609002,-0.3613537,0.0084958,0.2619129,0.0582001,0.3741015,0.5616869,-0.3104149,-0.2058517,0.6777936,0.1295652,-0.2642351,0.2160377,-0.2248176,-0.2080794,0.09168344,0.3704613,0.1842012,-0.3143667
-0.09177274,-0.8236046,0.5509862,0.02488686,-0.4439138,-0.1974182,-0.1386655,-0.1916104,0.9128899,0.3269792,0.1871899,0.9781513,0.1994861,0.393003,-0.2965653,0.1994634,0.2999717,0.01078328,-0.2879359,0.3584647,0.2046205,-0.06725203,0.07291277,0.305949,0.3061153,-0.03976835,-0.1815472,-0.2746146,-0.01569187,0.5783941,0.1441385,0.2012924
-0.561406,-0.5655814,-0.04513733,0.1467767,0.1284065,0.1853831,-0.1674622,-0.1968103,0.211943,-0.6919135,0.5139717,-0.1857702,0.05288893,-0.6245541,-0.1666644,0.2376055,0.2105913,-0.1045872,0.2376615,-0.2876977,0.8158305,-0.2073645,-0.362951,0.2806981,0.4924899,0.4379103,-0.1132984,-0.2581874,-0.04806077,0.05540643,0.9720027,0.3896323
-0.2055784,-0.6471918,0.07657937,-0.2715819,0.3812629,0.09258111,-0.064537,-0.2221581,0.4629084,-0.341233,0.6330882,-0.7099491,0.09811648,-0.6559521,-0.3185262,0.8058262,0.2537117,-0.2325412,-0.2331179,-0.2581775,0.7837407,-0.4362782,-0.2944975,0.3847069,0.2727652,0.04998496,0.007778797,-0.3108827,-0.158636,0.07520001,0.1800191,-0.1887644
1.386042,-0.452491,-0.2729982,-0.01377174,0.5135638,0.2132386,0.03454642,-0.2924932,-0.2340877,0.4354499,-0.2631722,0.6798492,1.122697,-0.5802701,-0.03994734,0.8296098,0.3383163,-0.319009,-0.5773203,-0.1843637,0.4783085,0.416792,-0.6470243,0.4371809,0.1702223,-0.5676249,0.1095718,-0.2492807,-0.1886304,0.4067034,0.9923394,0.1599713
0.1310255,0.1324935,-0.2803852,-0.01986902,0.3821916,0.5880688,0.1982657,-0.0897639,0.4181022,0.7963077,-1.030923,0.203076,0.9082105,-0.4286267,0.4972578,-0.1920541,-0.002934176,-0.2456581,0.8523407,-0.5339273,-0.5700155,0.03683359,-0.737326,-0.3519993,-0.562952,0.7053421,0.2835597,0.08621335,-0.5055211,-0.4406228,0.1804442,-0.7620842
0.3970017,0.4449185,0.3375726,0.5716766,0.8443865,0.4472452,0.2090918,0.09159134,-0.2032627,0.5465537,-0.3652592,0.4039192,0.2236219,0.03504772,0.4297924,0.05261914,0.03889729,-0.1273862,-0.2951007,-0.09156325,-0.2830692,0.5892625,-0.4590994,0.01576299,0.4509534,0.4513609,0.2222586,0.1737337,0.5373729,-0.4003428,-0.2627878,0.4652001
0.1525563,0.3639292,0.5950059,-0.06347956,0.6629499,0.3357238,0.1423828,0.1491339,0.4705866,0.9932777,0.3918592,-0.2800701,0.02598913,0.6051942,0.1895927,-0.3528719,-0.0257363,-0.08595357,-0.1775689,0.03713928,0.2027945,0.04319527,0.5092997,-0.3415743,-0.19505,0.9961148,0.1348291,0.2375146,-0.2320801,-0.5676473,0.0777829,0.8519022
-0.1081377,0.2898593,-0.3453451,-0.2817244,0.2715167,0.08069391,0.07968657,0.1929249,0.8749441,-0.4009482,1.229235,-0.9253098,0.6925001,0.7592968,0.02801123,-0.08153427,-0.2962083,0.07766867,0.366688,0.04243109,0.50677,-0.1493163,0.7077554,-0.1595207,0.7961755,0.2910771,0.06950738,0.2741636,-0.7665796,0.1450901,0.04709507,0.5784817
-0.3690484,0.2536687,0.0931431,-0.03623824,-0.1739359,-0.276853,0.02329377,0.2372621,-0.2156554,-0.8430058,0.4264647,0.1733013,0.4228349,0.6938257,0.1894284,-0.2732961,-0.4880791,0.181042,-0.5667686,0.3546323,0.3991287,0.384417,0.610783,-0.5045087,0.3433031,0.2969032,-0.0102264,0.2850744,-0.4444235,0.1870392,0.4898631,0.7251701
0.6388336,0.02106058,0.08270805,-0.1238992,-0.4506265,-0.5939016,-0.05516014,0.3151536,-0.643065,0.05655396,0.254286,0.2960793,0.9226268,-0.3538918,-0.1800373,0.1739935,-0.8509539,0.3731934,0.2800838,0.3684109,-0.0618293,-0.1467338,-0.05982915,-0.4286839,-0.3410963,-0.3766377,-0.1543163,0.3171743,-0.05763418,0.09135186,0.01550495,-0.744241
