0.005970208,0.1630782,0.1599511,0.9619842,0.1342287,0.8597727,-0.6256021,-0.4160541,0.09744699,-0.3954003,0.0742441,-0.0107792,0.2705832,0.1930734,-0.2654171,0.6165479,-0.228039,0.08089279,0.1120017,-0.3431406,0.6347092,0.3333813,-0.1996841,0.09651701,0.2667413,-0.1295756,0.5706579,-0.4082753,0.7665962,-0.03085247,0.4241165,-0.1954838
0.4946816,-0.6208116,-0.2107221,-0.2526297,0.2073179,-0.5553936,-0.4237531,0.1420009,-0.3556252,0.3911547,0.1731153,-0.3692363,-0.2397976,0.3243681,-0.1657907,0.9983831,-0.1024738,0.1699476,-0.3290693,-0.1757468,0.4214975,0.05496688,-0.2874929,0.6324995,-0.4735604,0.8670661,0.8214666,-0.2726747,0.5994843,-0.6906816,0.3400594,0.124844
0.5864581,-0.4283906,0.4170623,-0.3788192,0.07298213,-0.1470999,-0.7635979,0.2060038,-0.2212684,-0.07223524,0.1020328,-0.03833395,-0.1520078,0.160692,-0.6915843,-0.03060121,-0.1163847,0.007440452,0.02484455,-0.2143146,-0.1915431,-0.03723374,-0.1492798,0.02273332,-0.3943353,-0.1399392,-0.1870897,0.1570697,-0.4791129,-0.6658387,0.2790141,-0.05666811
0.1289926,-0.2485975,0.5527279,0.0440867,0.2319303,0.1696708,-0.2322064,-0.05554375,-0.433284,0.5695562,0.2264431,0.5445864,-0.1672895,-0.06584814,0.1135872,0.3216175,-0.2178318,0.1037977,0.07747506,0.02594369,0.4778644,0.1224294,-0.2415451,-0.4023731,0.1844717,0.390185,0.3274647,-0.01074068,-0.06559052,-0.3096129,-0.3548581,0.4836816
-0.4382257,0.1642412,0.3000877,0.3567621,-0.05943504,0.1840923,-0.2735469,-0.07341808,0.457626,-0.5085487,0.1189641,-0.2087543,-0.1044643,-0.1759371,0.1559335,0.8665394,-0.2860184,0.08030894,0.009144268,-0.5032015,0.4006779,0.001026707,-0.2817538,-0.3338833,-0.02260934,0.6070417,0.5843397,0.1306254,0.02300566,0.1397245,0.6828496,-0.2524257
0.3361093,0.3117144,0.3241663,-0.0959987,-0.4952521,0.1406529,0.04757984,-0.01356996,-0.00320134,-0.3017403,0.2012114,0.1394891,0.1474756,-0.2597053,0.1667326,0.136044,-0.2216751,0.2693101,0.4931316,-0.2864975,0.5497794,-0.1553667,-0.08518305,-0.2737776,0.4530121,0.1220193,0.3699141,-0.2773117,-0.249125,0.20306,-0.1398335,0.2030346
-0.2907804,1.144174,-0.8759766,0.6725171,-0.00743571,0.2780489,0.193116,-0.6824149,-0.07913548,0.2160585,0.04296136,-0.358307,0.1852058,0.2010989,0.5606039,0.1763784,0.3029871,0.08825763,0.1025843,-0.4096486,0.4606012,-0.09174942,0.2316638,-0.6656376,-0.4065697,-0.4267662,0.3411313,-0.329007,0.3597917,0.3885344,0.5666233,-0.6000409
0.4183957,0.1184582,0.3227909,-0.1540123,-0.2195233,-0.01413918,0.1250573,-0.5200311,-1.061073,-0.4329938,-0.1118459,-0.7923937,0.3583158,-0.4745538,0.08467302,0.2186835,-0.3409893,-0.01986354,0.1656724,0.08875062,-0.6253924,-0.1616692,-0.1880053,-0.1586503,-0.6722639,-0.2026125,0.1422743,-0.5967679,-0.244666,0.3242676,0.8052344,-0.03733372
-0.2621118,0.4846694,0.7101795,-0.1976477,0.1309587,-0.5970843,-0.6610961,0.0232101,-0.01545295,0.2837762,-0.04227211,0.8547173,0.0538182,-0.1207824,-0.8653793,0.2491171,-0.06758335,0.1262906,0.3572652,-0.2895559,-0.7258365,0.1144221,-0.1292185,0.2435417,-0.5303774,-0.1003727,0.3232134,-0.4986401,0.7668226,0.1426526,-0.1565843,0.3186097
-0.3704101,0.6997977,0.03631017,-0.4299691,-0.7610475,-0.1835413,-0.7559446,0.1190596,0.4387141,0.09167124,-0.1010394,0.2089223,-0.1975638,-0.06675504,-0.6388392,-0.2035015,0.1891499,-0.06950682,-0.1034957,-0.6296211,-0.2085448,-0.5527369,0.1259372,0.3488405,0.1933213,0.04030579,-0.3413573,-0.3673982,-0.3911623,0.2003,0.1234685,0.3869938
-1.063912,0.3987639,0.3191988,-0.7126541,0.2315082,-0.5441294,-0.6307765,0.2921011,0.352398,0.0034574,-0.05579389,0.4725301,-0.4191818,-0.03915198,-0.4795527,-0.358264,0.185644,-0.0422852,0.2754278,0.3336992,-0.5740961,0.4196039,0.2004455,0.4586977,-0.2948225,0.1010649,-0.117847,0.2719036,-0.1533826,0.2200646,-0.7521241,0.02422396
0.01094583,0.4114991,-0.0465494,0.382466,-0.1268709,-0.03398041,-0.06232926,0.1671299,0.3402149,-0.2351534,-0.1945769,-0.04619109,-0.312926,0.5728461,-0.08253173,0.1155427,0.4830115,-0.303176,-0.4284205,-0.2849807,-0.5956588,-0.5833563,0.4471739,0.2361508,0.279759,-0.1279694,-0.8878983,-0.2974927,-0.9162658,0.09272293,0.1575584,-0.7022702
-0.1616339,-0.4340848,-0.427614,0.3828292,0.1057875,0.527812,0.3604675,0.3704001,-0.06721147,-0.1582365,-0.0498826,-0.7739856,-0.1708645,-0.1562989,0.1885474,0.1332448,-0.01956601,-0.1302403,-0.3086703,-0.2667293,-0.8113827,0.005356519,-0.0810165,-0.04340684,-0.04667133,-0.05906937,0.2477286,0.1225429,0.2809336,0.5542743,0.3512816,-0.2508607
-0.0827233,-0.506036,0.008916127,-0.0898082,0.3065474,-0.4693546,1.015039,0.4901211,-0.0857169,0.9218258,-0.006575841,0.2393515,0.7302826,0.2335825,-0.04380817,-0.02481568,0.2409326,0.05829952,-0.2918391,0.08338562,-0.6491253,0.5739249,0.2336645,0.4959667,0.03274211,-0.3434483,0.6039901,-0.2704651,0.6532887,0.02450754,0.6035684,0.05337821
0.03412778,-0.7570502,0.1874395,-0.2701772,-0.1147735,-0.1363054,-0.4237406,0.0498165,-0.190534,-0.08260256,-0.04601832,0.5771786,0.4503509,0.4434673,-0.6901695,-0.5628539,0.1824767,-0.1796209,-0.4474212,-0.1032991,0.07485998,0.1738372,0.06649525,-0.08873358,-0.2784846,-0.3175594,-0.2814083,-0.00327061,-0.3445467,-0.1287779,0.04118051,0.9073181
0.4742229,-0.9056341,0.4568533,0.08583267,-0.246576,-0.1294038,0.1427795,0.08894912,-0.2496951,0.2309922,0.1506152,0.06797212,-0.05683446,-0.1472382,-0.6301898,0.2517552,-0.133975,0.1667634,0.331905,0.5589821,0.2319168,-0.09003805,-0.1698067,0.2544268,-0.1746776,-0.09124868,-0.04433047,0.566926,-0.04829483,0.2134983,0.5288776,0.1671032
-0.2215772,-0.2327093,0.292538,-0.31014,-0.2957363,-0.08828953,-0.4241814,-0.1041364,0.3737289,-0.06532149,0.1046646,0.1422332,-0.3542268,0.07584692,-0.35289,-0.401873,-0.1811503,0.0596302,0.01295032,0.1018648,0.963304,-0.1645154,-0.1816543,0.004173631,0.6634221,0.1535574,-0.3747859,0.005031937,0.1090465,-0.001251487,-0.9226815,0.4189321
-0.585315,0.05353617,0.6935568,-0.2288167,-0.3268,-0.07073768,-0.1660696,0.02492425,0.7028359,-1.158146,0.2242644,-0.3908866,-1.163649,-0.0698699,-0.3111371,-0.2294937,-0.1201689,0.1864029,0.1981197,0.009036287,1.231895,-0.1772616,-0.2276867,0.5478095,1.170688,0.5344241,-0.1057917,0.006940746,-0.4535956,0.0009994342,-0.5438924,-0.2282492
0.01666659,-0.37,0.06744116,0.1405185,0.1291963,0.8077226,-0.344501,-0.1241146,0.3377991,0.3529177,0.1572462,-0.3498071,0.5060328,-0.165676,-0.2794138,-1.675172,-0.1644662,0.1023116,0.2884084,0.1070926,0.4608056,0.1333487,-0.1546905,-0.07072188,0.7956355,-0.09693021,0.2821405,-0.03683205,-0.1016508,-0.4194494,0.1448367,-0.1709867
0.5862421,0.08076528,-0.3812664,0.144763,-0.1472128,-0.5028892,0.2015927,0.2634413,-0.4969468,0.5723556,0.0364256,-0.4168849,0.1318739,0.1560044,0.2657619,-0.2829206,0.1053069,-0.03267552,-0.1229405,-0.2564416,1.263652,0.5348103,0.1308307,0.8778133,0.1682595,-0.6061001,0.6720981,-0.4396018,0.8026971,-1.028363,0.8192492,0.2877351
0.8013117,0.3527907,0.1414462,0.2012295,-0.5068938,-0.09952398,-0.4286214,0.1213208,-0.049784,0.3912404,0.07997818,0.1856086,0.5339118,-0.09395743,-0.08010425,0.3682269,0.1951447,0.1399575,0.130495,0.05254709,-0.2015795,-0.1329502,0.2601242,-0.1310216,0.1587995,-0.2350609,0.2982945,-0.5349152,-0.09868778,-0.439842,0.6839525,-0.04352913
-0.3492399,1.195596,0.04201949,-0.3386412,-0.4882852,-0.189455,-0.7948828,0.3464913,0.1769827,-0.1165089,-0.1839948,-0.09228073,0.6491942,0.1453742,-0.1710031,0.3257058,0.1558833,-0.1816204,-0.4432349,0.1411673,0.1258814,-0.357667,0.2580647,0.418255,0.7213016,-0.08770443,0.0394895,-0.3440107,-0.2736408,-0.4611384,-0.1549962,0.03898542
-0.06901407,0.4751551,0.4271958,-0.05310541,-0.5210637,0.325028,-0.496712,0.01900655,0.5497293,-0.5048954,-0.1467992,0.3265435,-0.3633099,-0.06956182,-0.138825,0.2980081,0.001034671,-0.1217386,-0.1073856,-0.004023356,-0.6559674,-0.2315639,-0.02795391,0.2871229,0.2548431,-0.3217173,0.1420278,-0.6369541,-0.1580705,0.123138,-0.1682231,-0.2435104
-0.8154151,0.3814952,0.1248237,0.2659149,-0.2530371,0.6767635,-0.4019211,-0.0342896,0.2916335,-0.3751488,-0.1411968,0.2889713,-0.2506432,-0.1350503,0.4709064,0.6498678,0.04576069,-0.1277005,-0.1213326,-0.4498641,-0.2441337,0.03908966,0.0358825,0.4924209,0.4753105,0.1157772,0.1749828,-0.2740799,-0.1386424,0.2610815,-0.5914643,-0.0115077
-0.2790287,0.2650799,0.3277541,-0.06700873,-0.3000656,-0.3029207,0.1596304,-0.2641852,0.02437822,-0.4491575,-0.1555732,0.01713357,-0.396182,-0.1924212,0.7305797,0.4586666,-0.3514054,-0.1030783,0.02463993,0.1388839,0.2101422,-0.4041489,-0.3565446,-0.9812222,0.455445,0.3705463,-0.2256888,-0.2625681,-0.4232942,0.2299788,0.2986462,-0.6494662
0.1346374,0.1292887,-0.3216443,0.4544659,-0.7010707,0.3416081,0.6145617,-0.3443168,0.04972032,-0.2331466,0.1691626,-0.758693,0.2353004,-0.4592528,0.353207,-0.6976779,0.09686897,0.3454641,0.4649018,-0.3309998,-0.3207178,-0.6384274,0.1187763,-0.9497178,0.2596779,-0.1318607,-0.6387253,-0.1206657,-1.022843,-0.3449416,0.2962916,-0.5602325
0.5373255,-0.1897642,-0.2821165,-0.2781744,-0.1222305,-0.53808,0.6049421,-0.3773049,-0.5466564,0.7955066,-0.04339002,-0.169937,0.9047476,0.06996381,0.3187737,0.08923053,-0.06589972,-0.04183785,0.007290603,0.1751945,0.1475034,-0.480018,-0.001694357,-1.014751,-0.2194426,0.624365,-0.6007123,0.3592337,-0.4653712,-0.696359,0.3356775,0.09288504
0.2136305,0.8597751,0.4321864,-0.01099635,0.3420406,-0.1317982,0.4293721,-0.3981507,0.2180258,0.01954358,0.0818022,-0.05336338,0.073649,-0.09838407,0.4718831,-0.2139535,-0.0771901,0.08906639,0.3462633,0.009509315,0.7559283,0.2822121,-0.09375229,-1.26339,-0.04814187,0.3302015,0.188596,-0.4301952,0.1393179,-0.06551919,0.002855278,-0.07258425
-0.02797551,0.2557404,0.2372884,-0.04463917,-0.0139248,0.2370724,0.2862758,0.09359648,0.2501088,0.3024066,0.1811943,0.9062207,0.09321944,0.1240791,-0.1963997,-0.3474916,0.221231,0.1808694,0.2147573,-0.3501257,0.5208423,-0.07373431,0.2302284,0.03553968,0.3413713,-0.1231198,0.1909039,0.3532628,0.006478188,0.004041261,-0.05857344,0.491359
0.1130012,-0.06227252,0.7000946,-0.1724881,-0.387592,-0.01227706,-0.02812228,0.1213518,0.6441265,-0.4653262,0.1385941,0.4773435,0.1058246,0.2361385,-0.3474542,-0.05892203,-0.1055684,0.0406235,0.03821547,0.09066242,0.05472932,-0.1745315,-0.1003057,-0.2316478,0.6160557,0.1761154,-0.6862127,0.04829772,-0.6103486,0.2085273,0.005238499,-0.2517351
-0.905261,0.1865688,0.3427387,-0.1913289,0.4821835,-0.07851537,0.1046525,0.2044795,0.8263252,-0.1430079,0.1624027,0.2821088,-0.2112213,0.05799669,-0.3006488,-0.1559836,0.177975,0.1730548,0.1507036,0.1144157,0.02977775,0.2909629,0.1172963,0.4814372,0.6152421,-0.300178,-0.1563607,0.5075291,0.2147587,0.1790064,-0.4517084,-0.2178486
-0.141307,0.03685989,-0.00118566,0.3050816,-0.09271528,0.2852721,-0.003606318,0.3082679,0.2480388,0.1128694,0.1013237,-0.03062649,0.4183144,0.3220274,-0.2029133,-0.4152221,-0.2724685,-0.03785684,-0.2137247,-0.6297874,0.3756712,-0.6493706,-0.3796036,0.3041662,-0.02662919,-0.3311383,-0.3631279,0.07403363,-0.3949557,-0.1194689,0.2303666,-0.7298718
1.027825,-0.5033956,0.04508246,0.3528126,0.1228009,0.7006878,0.0266492,0.7411031,-0.6732548,0.1713818,0.1274435,-0.02790577,0.4165047,-0.08997273,0.1075009,-0.1294432,0.05979381,0.217402,-0.07971131,-0.4110614,0.06542378,0.1735927,0.0142047,0.223819,-0.2323877,-0.6112534,0.04350734,0.07825094,0.1031832,-0.1688523,0.5513088,0.3911323
0.6027666,-0.3599684,0.04055767,-0.8421124,-0.2588245,-0.7945608,0.3408595,0.4656697,-0.3647343,0.2459367,-0.02792077,0.01564019,-0.7679529,-0.04537522,0.02176275,-0.2260436,-0.0366328,0.08881803,-0.1067642,0.180395,0.1172379,-0.1826181,0.002839847,0.9146338,-0.547007,-0.1966449,0.3684803,0.005048006,0.190973,-0.9302427,-1.037978,0.2689758
0.4102014,-0.3252677,0.5086808,-0.6033509,0.073191,-0.5170766,-0.448954,0.2031263,0.02157152,-0.1040103,-0.1361826,0.4311832,0.00711232,-0.00526866,-0.740021,-0.04924546,-0.01924854,-0.1350936,-0.1087698,-0.1812914,-0.1741953,0.02384323,0.07860778,0.1817239,-0.1996517,-0.1278305,0.1316406,-0.1112721,-0.184161,-0.3550729,-0.5057068,0.7102359
-0.209803,-0.3624317,0.5145805,-0.2760598,-0.02223842,0.01051045,-0.120089,0.0621359,0.1061661,0.0377476,-0.1614738,0.3650065,-0.2534463,0.003204709,-0.06955548,0.03410041,0.1914422,-0.1045398,0.0151583,-0.3901544,-0.22291,-0.2714549,0.1757186,0.2876195,0.06578318,-0.1022761,0.2369498,-0.2010535,0.1940734,-0.08487563,-0.425383,0.1620918
-0.3406822,-0.03984167,0.09140394,0.3643889,-0.6619602,0.4386815,0.153932,-0.05565926,0.2826614,-0.4464357,-0.1764996,-0.238904,0.01776506,-0.00910344,0.2258963,0.4385514,-0.03336892,-0.2764044,-0.1657534,-0.4332495,-0.1868666,-1.113551,0.04519299,0.1213813,0.524981,0.006199126,0.1424407,-0.6548764,-0.2400351,0.09080364,0.8563357,-0.5699764
0.02461696,0.6928608,0.1188003,-0.3270743,-0.7979847,-0.01610582,0.06534734,-0.2303698,-0.4259119,-0.2679909,-0.08543906,0.02331814,-0.0323547,-0.05442296,0.4595832,-0.07550587,0.190635,-0.1452757,-0.07970169,-0.2247903,0.1695862,-0.6296453,0.2305524,0.03637298,-0.1424116,0.3102213,-0.2139346,-0.1799672,-0.9299,0.3887667,0.2316117,-0.1850869
-0.09221211,-0.3652978,-0.3611531,0.09660108,-0.09920215,0.3545267,0.6848251,-0.896767,-0.4652875,0.16794,-0.1525785,-0.3726183,-0.2616184,0.09330425,0.7714553,-0.03378797,0.04257127,-0.2754099,-0.457568,0.3881931,0.5966786,-0.1453437,0.06495021,-0.2694913,-0.6014602,-0.4281,-0.2070582,-0.03963248,-0.1797205,0.3404869,-0.6240622,-0.4236842
0.5445228,0.6788173,0.7979007,-0.1073142,-0.2245084,-0.5472184,-0.2618714,-0.4160556,-0.2628407,-0.2996769,0.1092125,-0.413625,-0.1633389,0.1055399,0.5590155,-0.9579852,0.277509,0.08019701,-0.2323028,-0.04580509,0.1906431,-0.1639854,0.2420982,-0.2101539,-0.5731504,0.8245423,0.1809587,-0.7611572,0.04121445,0.1690126,0.4219049,0.4342758
0.3706912,0.2966701,0.5914391,-0.4476443,-0.7696471,-0.7174768,-0.6261302,0.126186,-0.1817398,0.03021445,0.287311,0.6659563,-0.1866172,-0.09278028,-0.03734876,-0.2282752,-0.0001645558,0.3266331,-0.07652527,0.01609435,0.4501891,0.01912348,-0.2654047,0.3784873,-0.2183658,0.1394106,0.3077731,-0.4577794,0.2037779,0.06305896,-0.1639927,0.1570792
-0.385243,0.08603496,0.3368417,-0.1705481,-0.1083595,-0.0256078,-0.2476104,0.07038571,0.5021327,-0.03845153,0.3123515,0.3961324,-0.16746,-0.01923154,0.1199508,0.01296262,0.02372322,0.2772064,-0.1429272,-0.1434008,0.2668885,-0.05486755,-0.1131202,-0.2083009,0.5816329,-0.2473056,0.2378587,-0.3727762,-0.3874252,0.2464884,-0.1235769,0.3958298
-0.4855906,0.1049654,0.4734391,-0.6114816,0.1790456,-0.1878424,0.1951267,0.2208224,0.08884306,-0.3943714,0.4174866,0.3047895,-0.5142065,-0.1438774,-0.07400055,0.2903658,0.0008752706,0.4467233,0.2069637,0.1005667,0.02647599,0.5076154,-0.3096108,-0.1436094,0.06730755,-0.2171831,0.1788651,-0.02852569,-0.2027834,-0.1709438,-0.8201399,-0.3886851
-0.2579276,-0.007678713,-0.02024703,0.03374636,0.298819,0.1555855,0.2310551,0.213467,-0.1312948,-0.1618685,0.5045576,-0.007203107,0.01231065,0.01463335,0.04461475,0.3870856,-0.006909946,0.5304452,0.1938747,-0.5164767,-0.1310274,0.2628972,-0.1832921,0.05407471,-0.008630496,0.1582406,0.06166111,-0.2074141,-0.1816589,-0.1420424,-0.2207276,-0.2701773
-0.2842842,-0.4890776,-0.2210361,0.451591,-0.0205531,0.6660988,0.519426,0.2058523,0.1665054,-0.1397416,0.5745173,-0.4124233,-0.2440959,-0.2148565,-0.2757827,0.7593124,0.1146889,0.7191164,0.5397443,0.1113962,-0.5970075,-0.4639965,-0.1765769,0.02697374,0.2569091,0.2572195,-0.6704673,0.03322463,-0.09446713,-0.4113441,0.2868223,-0.6885213
0.5763361,-0.3764005,-0.2465619,0.2215852,-0.1916813,0.1982908,-0.4554183,-0.229165,-0.8979021,0.4874962,0.1875134,-0.3536254,0.1482178,-0.09043299,-0.2996542,0.8969574,-0.1748434,0.3399436,0.5385207,0.2200295,0.1172188,-0.4690372,-0.2358015,0.02535521,-0.2559402,0.7485081,0.198234,0.1021345,-0.4227829,-1.155928,0.00347868,-0.00977747
0.5705351,-0.859566,0.4193824,-0.248638,0.4335696,-0.6686817,0.2200144,-0.551859,0.1185771,0.2043016,-0.1062532,0.6316148,0.0379863,-0.0216836,-0.1888447,0.2000212,-0.05028743,-0.1321919,0.02105045,0.3429227,-0.3244061,0.2961512,0.07382396,-0.9986628,0.07093309,0.1668349,-0.3152302,0.4890603,-0.2486105,0.1258948,-0.5453514,0.6158088
0.4833391,0.04479225,0.4273062,-0.1950033,-0.1355557,-0.3591309,-0.2151171,-0.4121857,-0.2606402,0.3809585,-0.1345989,0.01895218,-0.01762343,0.03626443,-0.5911884,-0.3277835,0.05252655,-0.1082238,0.1325849,-0.1989427,0.9873452,-0.4383532,0.04180067,-0.3531769,0.007367719,0.4220914,-0.5717859,0.02868715,-0.04882349,-0.01320189,0.4797425,0.4887604
-0.03980609,0.09108416,0.3742271,-0.419031,0.01708749,0.02194769,-0.3479057,-0.2978277,0.3875851,-0.4237222,-0.08587224,0.1627827,-0.4519086,0.01222228,-0.2635101,-0.2810366,-0.03398313,-0.1210673,-0.08342452,-0.1206784,0.5960271,-0.05574215,0.01425358,-0.6101479,1.030783,-0.2574075,-0.2511943,0.1027761,-0.1441609,0.2512816,-1.171501,0.3119898
-1.239716,0.44422,0.169128,-0.2915042,-0.2112572,-0.07670245,-0.1904282,-0.1912387,1.117075,-0.7667344,-0.1269839,0.1337168,-1.133601,0.1104335,0.1439819,-0.241049,0.1489886,-0.1815319,-0.1995561,-0.2977433,0.6499009,-0.5834728,0.1032291,-0.07569766,0.7705317,-0.2192874,-0.4429177,-0.170293,-0.2499539,0.2934653,-0.7804819,-0.6596218
-0.3438525,-0.06424934,-0.3643628,0.4592,-0.3263079,0.5913079,-0.1076895,-0.1869225,0.08859725,0.2906953,-0.007043117,-0.1419749,0.04407042,0.08544871,-0.01744746,-0.4121184,0.2060506,-0.0687367,-0.003433545,0.137728,-0.7541062,-0.2287199,0.1939997,-0.6490933,0.5949132,-0.8602843,0.2680115,-0.1923498,0.2824271,0.1633134,0.07108139,-0.378471
-0.04944174,0.6086965,-0.9325563,0.3133628,-0.4773605,-0.08883641,0.3270188,0.07631504,-0.3932266,0.4203826,0.1332074,0.4039857,0.8403062,-0.01860521,1.032948,-0.3013892,0.09060809,0.03941381,-0.3111563,0.3555622,-0.649816,-0.3708833,0.2420968,0.3462484,0.0877629,-0.6601487,-0.07450396,-0.3518228,-0.04113458,-0.5314972,0.3256661,-0.038844
0.7231801,0.1604351,0.3876915,0.01679672,-0.2710009,-0.1127755,0.2707715,0.3803544,0.1937425,-0.09202413,0.07549769,0.140277,0.3656102,0.1381353,0.242906,-0.4070782,0.2122908,0.1891154,0.2067737,0.08385936,-0.04583432,-0.4448668,0.2191846,0.3097818,-0.1580372,-0.5585089,-0.5810891,-0.3147058,0.0264094,-0.3137359,0.4013008,-0.1531028
0.6670431,0.8020759,0.3106937,0.2569149,-0.1981011,0.01167762,0.596857,0.2981903,0.3353476,0.03357162,0.1369709,0.1214489,0.1163115,0.1295637,0.6773522,-0.04193347,0.1276597,0.1755629,0.08197778,-0.3513337,0.03349387,-0.3500798,0.234553,0.2060653,0.408091,-0.7063134,-0.1959318,-0.2241934,-0.2385905,-0.4245624,-0.1625326,-0.4171539
-0.03975103,0.359876,0.5264903,0.2741142,-0.3509132,0.3494812,0.1735817,0.2352122,0.4008133,0.00714738,0.02019425,0.1670763,0.05719006,0.07780604,-0.2611212,-0.2325166,-0.03413996,0.04378466,-0.01679504,0.04306091,0.219422,-0.4875078,0.06865257,0.2949416,0.6056435,0.04241114,-0.2622591,-0.07511657,-0.2998457,-0.1893301,-0.04263149,0.3991538
0.10525,-0.4749666,0.09079703,0.7685242,-0.01557146,0.7959193,0.2619194,0.3334316,0.01179135,-0.6558793,0.06944305,-0.2255496,-0.7258982,0.005833802,-0.3096002,0.3248457,-0.05496803,0.06959666,0.1241216,-0.1751551,0.02529744,0.1267519,-0.08663078,0.3487351,0.4203659,0.08393168,0.08363152,-0.04363463,-0.3049301,0.1283387,-0.1117787,-0.2665839
-0.3191721,-0.1308592,0.1412306,-0.06080265,-0.1295592,0.0797712,0.4116794,0.4176106,0.2050556,-0.7142342,0.06928726,0.07291657,-0.1696712,-0.1050553,-0.1814471,0.1945864,-0.1975873,0.02918734,-0.1308575,0.1778464,-0.3787525,-0.1318005,-0.157544,0.5244141,0.1669225,0.725536,-0.2141104,0.2042478,-0.7803205,-0.1400845,-0.337554,-0.05012063
0.2623996,-0.2979647,0.1890053,0.4881182,-0.2863978,-0.0616991,0.3909741,-0.1160065,0.04896802,0.01258063,-0.1655125,-0.5146273,0.2511623,-0.01677674,-0.0586109,0.2372303,-0.2377625,-0.2428529,-0.3676119,-0.3362669,0.1349967,-0.07920957,-0.378713,-0.145127,0.1703463,0.4851719,-0.4099881,0.04492235,-0.5080246,-0.2903349,0.9511884,-0.3560939
0.5062823,-0.3952924,-0.6129171,-0.2753311,0.2895471,-0.4686826,0.8186721,-0.1672025,-0.1404002,0.7521839,0.03580475,-0.0007343009,0.7448593,-0.2407489,0.4164132,-0.345902,-0.114461,-0.1437711,-0.1442744,-0.2013835,-0.5581375,-0.161055,-0.1802116,0.1167865,-0.5554866,0.01984976,-0.2406014,0.06993113,-0.1579509,-0.02130648,0.5481987,-0.1130533
0.09320454,-0.03302796,0.5501358,-0.3228002,-0.1065155,-0.02160442,0.3548012,-0.5716038,0.5019518,0.2114563,-0.1408942,0.216915,0.006052362,-0.1004083,0.2556609,-0.09000132,0.1184053,-0.1949285,-0.2435364,0.2058688,-0.0008826493,0.02777297,0.1031947,-0.09611311,0.2370882,0.1765021,0.3643421,-0.1698687,0.03852025,-0.1244832,-0.2662782,0.150151
0.8561171,0.06779037,0.6518089,0.05864407,0.1640168,0.1064209,0.1641875,-0.2783737,-0.2801377,-0.02297454,-0.1136162,0.2452069,0.2490382,-0.06087307,0.2727634,0.1854171,0.05693544,-0.1393676,0.01152687,-0.4184138,0.4323894,0.1507591,-0.02406237,-0.3444172,0.2096202,-0.08364857,-0.03427972,-0.41074,-0.001069674,0.08624209,-0.4536621,0.801004
0.3123747,-0.2782719,0.9191683,0.1903816,-0.004882502,0.2291382,0.1183955,-0.06360592,0.7842785,-0.3567572,-0.1058667,0.2621642,-0.02246745,0.08060273,0.247986,-0.3305006,0.1484176,-0.07897776,-0.1160655,-0.3400806,0.0975398,-0.1116809,0.1557907,0.09828985,0.3467511,-0.2371705,0.2528876,-0.2281025,-0.3552615,0.1589406,-0.4917136,-0.1170442
-0.1821075,-0.05212515,0.2096234,-0.2567323,-0.08756277,-0.2550192,-0.656804,-0.1314984,0.3918059,-0.1025949,-0.04158261,-0.1744374,-1.053786,0.04134232,-0.02775278,-0.1856939,-0.007714735,0.01994792,0.05511035,-0.4654882,0.2641925,0.02692606,-0.05109385,-0.1468939,0.6134456,0.1471422,0.6197227,-0.6251873,0.4211397,0.2899756,-0.4327278,0.08171938
0.08819381,-0.2777524,-0.4930519,-0.1325284,-0.0150176,0.4608407,-0.6332466,-0.0505466,0.1943903,0.205548,0.1542251,-0.3324825,0.2923783,-0.02608626,-0.1390519,-0.4575773,0.04421948,0.186383,0.2890877,-0.2531784,0.02899842,-0.03416219,0.03786373,-0.3344108,0.05339483,-0.2431481,0.01889041,-0.1073935,0.105034,0.3516925,-0.09183707,-0.4328056
0.5326841,-0.3212074,-0.7183252,0.6581607,-0.3667577,0.346904,-0.9388609,-0.1768989,-0.4990928,-0.1689029,0.2315304,-0.2526258,-0.3592137,0.2001899,0.06648479,0.4072867,0.1602232,0.3991008,0.1461381,0.2908257,-0.09804218,-0.3292708,0.2072121,0.01791039,-0.3430145,-0.2030588,-0.2513315,-0.3654523,-0.0465762,0.2005266,0.4313852,-0.2266191
0.1953477,0.4044664,-0.03024746,-0.6950017,0.02137464,-0.5389206,0.271075,0.1943439,-0.2557666,0.2499741,0.1723467,0.5050872,-0.5786434,0.1119574,-0.01886055,0.866939,-0.07313557,0.2040231,0.2501396,0.3256755,-0.03546806,-0.147441,-0.003310472,-0.07068579,-0.3590781,0.5013165,-0.06019543,0.07905806,0.2929337,0.2036436,-1.011742,0.7259765
0.602956,-0.040604,0.6456745,-0.611113,0.09981063,-0.7100849,-0.04433721,0.01463254,0.09607427,0.3147692,0.1550443,0.3270651,0.1509084,0.01412164,-0.03348353,0.3380245,-0.02322862,0.1921954,0.04513785,-0.1711207,-0.1001991,-0.03817162,-0.03270615,-0.3663266,-0.05978863,-0.4731101,-0.03842262,-0.123866,0.2275215,0.01227875,-0.1576518,0.4604361
-0.1733211,0.01876662,0.5555077,0.05145812,-0.2986634,-0.6395003,0.02025805,0.09642351,0.1915611,0.2162757,0.1695142,0.3361915,-0.3438102,0.01996233,-0.4462364,0.3732117,0.1184148,0.1423924,0.0921779,-0.08366146,-0.1384323,-0.4825878,0.05540995,-0.4242127,0.1771801,0.1962792,0.03630587,-0.3250674,0.002914126,0.03422753,-0.2458352,0.243985
-0.006010583,0.04226394,0.2737751,-0.02833156,-0.5925407,-0.01151259,0.2797183,0.211381,0.3694466,-0.3090664,0.05156353,-0.2269794,0.1819438,0.0276347,-0.3036801,0.212578,0.03397493,-0.001799538,0.1111144,0.08847252,-0.0143613,-0.08273923,0.08522528,0.1920163,0.4348991,0.6093095,-0.4532384,-0.007537691,-0.3248334,-0.0007496583,0.1770325,0.0243472
-0.3063321,-0.2842046,-0.01995492,0.06496824,-0.2506162,0.2347869,0.3779971,0.03988903,0.2932281,-0.5294377,-0.06481048,0.2455923,-0.2765955,0.04280712,0.1075206,0.3228067,0.1658798,-0.02924087,0.009156057,-0.2115091,0.0971377,-0.4309611,0.1606852,-0.2384702,-0.1289953,0.4794954,-0.2129877,0.02786242,-0.7708547,0.008348895,0.1073747,-0.4487776
0.1236825,-0.4443334,-0.2051592,0.5081325,-0.3429288,0.3145912,0.2088937,0.1037105,-0.7047598,-0.4215442,-0.2816375,-0.430088,-0.2886183,-0.3414014,0.1154454,0.09116516,-0.3217152,-0.3198191,-0.01977223,0.5490431,0.05146105,-0.01498146,-0.309901,-0.04147375,0.002577393,0.5918571,-0.2799475,0.2133181,-0.02867058,-0.2317584,-0.03265796,0.06944469
0.4305277,-0.2531844,0.4026831,-0.1284082,-0.6096359,-0.2804238,0.7827241,-0.4687334,-0.3480193,-0.286252,-0.302822,0.01510217,0.0434395,-0.07788845,0.1549571,-0.405618,-0.2328275,-0.2566241,-0.1452083,-0.175729,0.4330516,0.1548288,-0.17903,0.1485255,-0.2322262,-0.7387161,-0.2349495,-0.159732,-0.2237995,-0.3987859,0.6117479,0.2360726
0.3247693,0.1901078,0.6312964,-0.6864115,-0.4403913,-0.8586075,-0.05994102,-0.1902031,0.2133434,-0.3749882,-0.1645486,0.6985297,-0.2689615,-0.03809375,0.2143073,-0.4766642,-0.003512758,-0.1498756,-0.04485042,0.1782218,0.333617,-0.598065,-0.08579963,0.174318,-0.4002581,-0.5459011,-0.5313238,-0.1397969,-0.4910157,0.1017027,-0.2654901,-0.02696142
0.1066075,-0.06913345,0.2252522,-0.3407777,-0.3882311,-0.1501247,0.4548908,-0.1246326,-0.03546174,-0.1933709,-0.04319223,0.4662035,-0.1900097,0.03827501,0.3762522,-0.3242939,0.03143837,-0.03689058,-0.06025549,-0.2181826,-0.04438136,-0.09883619,-0.1190423,0.2224019,0.07100702,-0.3871022,-0.08923102,-0.2051673,-0.1208078,0.2038492,-0.2469607,0.4221825
-0.5655348,0.1927179,0.3691738,-0.411702,-0.09399638,-0.4312294,-0.03943638,0.03033773,0.04952542,-0.3238912,-0.03810433,0.2713091,-0.4017168,0.1419041,0.2681597,-0.07805949,0.08489315,-0.024765,-0.01266254,0.1340378,0.3748139,-0.4437287,-0.05592401,0.2976095,0.0756318,-0.2185863,-0.2456917,-0.2998962,-0.2633633,0.1729465,-0.5168201,-0.2424875
-0.1757232,0.3967154,0.1898202,0.183866,-0.1317712,-0.0952272,0.1173549,0.03971774,-0.3428926,-0.4223254,0.1589405,-0.4883704,-0.1197753,0.1263125,-0.02486228,-0.3376186,0.2108494,0.08646922,-0.1185145,-0.8800868,0.01742735,-0.1072467,-0.09386903,0.3597055,-0.02144143,-0.1082188,0.1151685,-0.4304459,-0.4321474,-0.1752913,-0.004991114,-0.4265085
-0.1419608,0.1852229,-0.3308412,0.5866537,-0.01382589,0.6264763,-0.8304097,0.4701899,0.017741,-0.3715351,0.2392845,-0.1189119,0.04317856,0.2728254,-1.008588,-0.1421722,0.2002948,0.2279459,0.01875193,-0.3119372,-0.2888281,0.1261201,0.02026868,0.6023691,0.307656,0.2779377,-0.5218396,0.004019941,-0.5660225,-0.4597207,0.4284128,-0.360167
-0.1830329,-0.2086447,0.1610301,-0.06212232,0.1696052,-0.2963357,-0.8366323,0.7334631,-0.4339017,-0.0864485,0.1724775,0.07042482,-0.2790752,0.3732705,-0.3339649,-0.01281833,0.5265624,0.1108078,0.05035517,0.00889784,0.2528267,-0.5092162,0.4450764,0.7966858,-0.8940037,0.09054785,-0.299845,0.2196021,-0.5236704,-0.3867296,0.1228206,0.2021991
0.1149438,-0.6518386,0.1888296,-0.3577908,0.825487,-0.3749751,-0.6098931,0.2344588,0.2866377,-0.0269824,0.1529237,0.6346065,0.27628,0.0204793,-0.7653543,0.1227413,0.04239187,0.09881665,-0.2278881,-0.08355062,-0.9108825,0.7816368,-0.01389026,0.2391032,0.067173,0.4219815,0.4140868,0.2780426,0.110957,-0.3510936,-0.09170227,0.2926232
-0.1074646,0.02578463,0.2342896,-0.3814504,0.1067626,-1.05792,-0.1291111,0.1547166,0.2235433,0.1877924,0.0662523,0.3692831,-0.4074522,0.06721799,0.1729036,0.2501001,0.06287501,0.1151508,0.1203936,-0.3729925,-0.1048014,0.02533302,0.0446956,-0.6848834,0.272042,0.01487336,-0.631387,-0.008742082,-0.4246201,-0.04106259,0.1736664,0.8207276
0.1024265,-0.4409823,0.3768276,0.09243835,-0.0976686,0.3162988,-0.1417193,-0.02186766,0.6532251,-0.2467633,-0.03036458,0.2504715,0.09393622,-0.0411711,0.09399215,0.2244044,-0.03609177,-0.07010582,-0.07174593,-0.122756,-0.2756514,-0.06514601,-0.03745487,-0.165547,0.7479963,-0.1109979,-0.3773402,-0.2880116,-0.2589522,-0.008804743,-0.8714116,0.1668413
-0.9288972,-0.09367213,0.1825604,-0.1154417,0.1674578,0.05766546,0.07854271,-0.04636832,0.925866,-0.6137496,-0.08110692,0.1862194,-0.1749912,-0.04884378,0.2155356,0.6448947,-0.1355365,-0.09778334,-0.06619302,-0.08912392,0.09829361,0.0260231,-0.002968068,-0.1164032,1.382332,0.1764291,-0.218983,-0.4397587,-0.1173836,0.1591185,-0.9361033,-0.4514115
-0.2497851,-0.8997912,-0.409299,0.5227091,-0.3465936,0.6196787,0.1375522,-0.5037461,0.4044525,0.4434323,-0.1903685,-0.2380932,0.06494848,-0.2328132,0.3210665,0.2278254,-0.1369049,-0.252087,0.08643991,0.01895451,-0.8464884,0.06723735,0.01476205,-0.3752422,0.6749057,-0.4514715,0.1901173,-0.1891746,0.01119041,0.1224328,-0.1714099,-0.2525121
0.06128463,-0.1330172,-0.09449844,0.1557594,0.1093088,0.444427,0.4813243,-0.6084851,-0.9484754,0.3000937,-0.2755867,0.1915409,1.007039,-0.4881297,-0.1581438,0.182918,-0.498315,-0.3350433,-0.2258965,0.192719,0.00939359,0.6308895,0.00467104,0.2947874,-0.1652346,0.03033833,0.1216831,0.1742384,0.09542684,-0.4449041,0.1473141,0.4796457
0.4679129,0.1923686,0.2857901,0.1814823,-0.002234121,-0.0314119,-0.07562792,-0.1779635,0.6409482,0.2224769,-0.1433993,0.1974003,0.4749843,-0.06909737,0.1573734,-0.460181,0.06138966,-0.04368609,0.05864794,0.02097004,0.2507903,0.434835,0.1583755,-0.367832,-0.05208053,-0.2012374,-0.2239794,0.4367807,-0.2605982,-0.2925464,0.6287743,0.1725879
0.4821303,0.2845718,0.07749127,-0.4722844,-0.2509634,-0.1715773,0.558418,-0.07753024,0.2241463,0.1992994,-0.0897269,-0.1308293,0.1560178,-0.110884,0.8167705,-0.6317106,-0.07510223,-0.07546481,-0.1445861,0.02258843,0.5375816,0.1599171,-0.1366211,0.1278875,-0.3647732,-0.4093404,-0.1908617,-0.01787921,-0.3016008,-0.2279141,-0.4125495,-0.1525566
0.3049088,0.5922763,0.5711889,0.3654083,-0.2157531,-0.03637174,-0.1108043,0.03458967,0.4775374,-0.07361573,0.0364163,0.05502654,-0.7982112,-0.05584033,0.1097883,-0.1626705,0.01630524,0.1182392,-0.006181925,-0.808539,0.7340533,-0.1582633,-0.01697063,0.07374068,0.370244,-0.4298146,0.1508717,-0.05050892,-0.1570468,0.3696415,-0.2752703,0.2664412
0.01561424,-0.1239856,-0.05058754,0.7081039,-0.175413,0.3476068,0.1246137,0.3800513,0.2144328,-0.5219563,0.0934672,-0.12577,-0.6889182,0.0544612,-0.3429065,-0.1098635,0.06511961,0.1625381,0.1732579,-0.04766449,-0.3464924,-0.4124703,-0.1529728,0.2611585,-0.05884563,0.2668636,-0.129441,-0.1823215,-0.1035233,0.1772224,-0.08812409,-0.07399353
0.1120458,-0.08308794,0.617341,-0.1574404,0.03320473,-0.05739858,0.2918912,0.95465,-0.2080448,-0.8041614,0.1993009,-0.1276148,0.1323684,0.09808788,-0.8098556,-0.11506,-0.009773163,0.2554199,0.2056527,-0.449328,-0.3172044,-0.1087897,-0.2443785,0.2401545,0.1943918,0.6225236,0.1997781,0.02008578,0.1814233,0.3922303,-0.4087898,0.3297122
0.5876446,0.08816283,-0.6693469,0.3775404,-0.1767403,0.5261288,-0.04592293,0.6344892,-0.2086698,0.1230875,0.3749555,-0.7163604,0.3197003,0.4256904,-0.4378706,0.04672378,0.4602236,0.4285202,0.5610698,-0.618808,-0.4535023,-0.279559,0.4623737,-0.0901935,-0.3154181,0.1001985,-0.2600009,-0.6088585,-0.5941499,0.3041098,0.9949595,-0.8404092
0.6766554,-0.05830118,0.2257088,-0.3685441,0.1680377,-0.4505387,0.3945495,0.3917868,-0.3098932,0.5796896,0.2359614,-0.2099993,0.5688266,0.1470075,-0.3379008,-0.04209551,0.1848516,0.109292,0.3084837,0.04005086,-0.3930665,-0.2583998,-0.05259104,-0.6084808,-0.5015618,0.9929519,0.327974,-0.2598599,0.2020547,-0.1441572,-0.005860112,0.3183401
0.8219412,-0.232248,0.5261824,-0.6154751,-0.2875022,-0.04773035,0.5706945,0.4049223,0.4941394,-0.1881895,0.08935983,0.4334673,0.05335335,0.2029642,0.3201474,0.1560885,0.2071649,0.05139347,0.02422391,0.233632,-0.1661692,-0.1779493,0.4293275,-0.6145627,0.04266646,0.6121385,-0.07406383,-0.1565126,-0.1170734,0.3157578,0.06984276,0.3410625
0.3160867,-0.4529976,0.004658693,-0.1889691,-0.3496401,0.2585813,0.2875158,0.09368882,-0.0874523,-0.2701394,0.06467865,0.5827876,-0.4272735,0.1907135,0.782241,0.05910608,0.1772967,0.03419,0.003162201,0.251817,-0.240788,-0.2071038,0.2990465,-0.1063848,-0.256038,-0.1446591,0.1440206,0.1885376,-0.005528839,0.2164141,-0.2004156,0.3207668
0.01916747,-0.09460381,0.7004055,0.2240043,-0.4894449,0.4595622,-0.08095807,-0.2067241,0.8792415,-0.3405068,-0.08022662,0.2929702,-0.3282804,0.09929118,0.3145849,-0.04611297,-0.02123718,-0.1435916,-0.2510878,-0.7749692,0.03072359,-0.5820156,-0.06247684,-0.2248361,0.4690947,-0.0217914,-0.5411239,-0.4670726,-0.5452287,0.269917,-0.4776818,-0.06813502
0.001769529,-0.03425987,-0.3041672,0.01063226,-0.620545,0.2702682,-0.05186981,-0.3108341,0.1533175,-0.3199718,-0.2479621,-0.2378056,-0.687888,-0.045394,0.2616046,-0.5751303,-0.07368486,-0.2715502,-0.2976111,0.3385552,-0.1133235,-0.4320976,-0.005639843,-0.0626583,0.06878984,-0.6831954,0.1986177,-0.8200623,0.125637,0.03894262,-0.263615,-0.4236999
-0.292573,-0.007187361,-0.5360879,0.002453561,-0.3541396,0.1810041,-0.216653,-0.4276097,0.009636298,0.1561628,-0.20616,-0.7303692,0.02553386,-0.344067,0.1453149,0.03406932,-0.2877529,-0.2332946,-0.3626704,0.1137065,-0.278233,0.07583852,-0.3536558,-0.4766842,-0.0563756,-0.2829731,-0.04513489,-0.4221682,-0.02692723,-0.04726079,-0.4400879,-0.6298935
0.7466569,0.7484195,-0.01059696,0.4182594,0.3597622,0.3329164,-0.3509187,0.09327613,-0.2329684,0.2083021,-0.4770208,0.6131666,0.6068747,-0.3668369,0.6240287,-0.5387525,-0.5502326,-0.3233103,-0.2476557,0.1564234,0.1200051,0.07916843,-0.6295104,0.5372218,-0.2159387,-0.1167436,-0.02044058,-0.3182259,0.2499238,-0.4728277,0.6642327,0.4875326
0.4084877,0.3915874,-0.09849466,-0.6747696,0.3604184,-0.5715936,0.009370678,0.3283173,-0.2424279,0.5433863,-0.1762871,0.10897,-0.526211,-0.2977037,0.09451116,-0.2946008,-0.1462881,-0.1144351,0.1242012,0.6223164,-0.09006348,0.5437203,0.08388346,0.7545742,-0.4639873,-0.09251145,0.2654301,-0.1323513,0.4047501,-0.07544006,-0.6586574,0.7755688
0.2956538,0.06691798,0.7316315,-0.4554951,-0.08423498,-0.7721617,0.002425309,0.1352764,0.4871237,0.4797792,-0.04355402,0.6743163,-0.3842492,-0.07709219,0.1683404,-0.1828876,-0.03086362,-0.04332428,0.008073521,-0.6207248,0.3352686,-0.05887809,-0.1715755,0.2564991,-0.04829821,0.2119164,-0.459015,-0.1224678,-0.1508363,-0.2267061,-0.5523504,0.667382
-0.271636,-0.2202785,0.4988466,-0.003427246,-0.0631893,0.06472237,-0.231137,0.2653059,0.3690129,-0.1657794,-0.002886294,0.2461933,-0.0385774,0.02310439,-0.5562709,-0.09946963,0.08758067,0.001108925,0.1392944,0.06024118,-0.03299561,0.1483413,0.3098366,0.6464097,0.2797069,0.6068589,-0.1463853,0.07952731,-0.1016837,0.1401772,-0.2015325,0.4177184
-0.5394617,-0.1666961,-0.08944541,0.1478957,-0.1546269,0.2705539,-0.1880126,0.1860124,0.789293,-0.3678617,0.1532424,-0.08916312,0.1187277,0.1761568,-0.1248191,0.2025799,0.2096029,0.1426377,-0.01534667,-0.6752591,0.1411301,-0.02005063,0.1903128,0.2997381,0.4848179,0.5238953,-0.3639873,0.02447258,-0.5662731,-0.05341287,-0.05779688,-0.5090233
-0.2324645,-0.2964781,0.3226767,0.2313545,0.1257236,0.6945328,0.1429723,0.2990973,-0.03998517,-0.3284819,0.2055101,0.08528808,-0.2689808,0.2251899,-0.02565852,0.3785464,0.05967754,0.1827686,0.00995829,-0.7286507,0.1232483,-0.09954509,-0.1118639,0.3956278,0.176596,0.6654142,-0.5328417,0.0720719,-0.3680269,-0.09659805,0.1150416,-0.1277868
0.09960898,-0.1478495,-0.1667966,0.4151118,0.3367454,-0.1414117,-0.3978899,0.3194166,-0.5162978,-0.1029716,0.3827216,-0.02122597,-0.2943795,0.3020275,-0.3958721,0.4212486,0.2417539,0.2387514,0.1281551,0.2574642,-0.003275139,0.651658,0.4912771,0.4387657,-0.4474809,0.6027515,-0.207231,0.100027,0.4249673,0.07237974,-0.2241908,0.1978562
0.5424051,0.2454354,0.04920039,-0.3108856,0.02903915,-0.6336975,0.7424282,-0.05913543,-0.3521456,0.212526,0.308786,0.1778475,0.3801574,0.2825624,0.5576577,0.7514145,0.187149,0.2541172,-0.1935357,-0.3643245,-0.2848899,0.1771532,-0.1347823,-0.2985726,-0.647051,-0.2816202,0.1659533,-0.09967193,0.1783967,-0.4092479,0.09451154,0.4623688
0.8564791,-0.03582459,0.6320423,-0.8017904,0.09107509,-0.7399678,0.7535827,-0.1191901,0.3105178,-0.1373277,0.0736609,0.5288056,-0.3955837,-0.0004295544,0.337552,0.1175098,0.1192036,0.09638618,0.1302245,0.4506011,-0.2913575,0.439295,0.1918313,-0.4059117,-0.2575174,-0.3716817,0.02792564,0.3504238,-0.3819133,0.3096319,0.6003124,0.4751213
0.6676065,-0.1145298,0.1285064,-0.3025779,-0.3581889,-0.2786734,0.2922761,-0.1773213,0.5240934,0.04840295,-0.008744691,0.5099447,-0.6482446,0.02834732,0.1302569,0.1944645,0.03376338,-0.01003931,0.003605223,-0.2639827,-0.3615717,-0.2806857,-0.02652747,-0.5303275,0.2418237,-0.2214015,-0.4435365,-0.1929874,-0.4644265,0.04721787,-0.1048504,0.4648063
0.1758072,0.4148962,0.8720208,-0.4753345,-0.2787004,-0.3795013,-0.04766659,-0.2112311,0.3025382,-0.4620002,-0.1320665,0.02006416,-0.811775,-0.2166864,0.04894104,-0.2192624,0.01133377,-0.08732902,0.08961012,-0.004268356,-0.02835793,-0.5117109,0.0185302,-0.3925467,0.1580936,-0.04047802,-0.2975115,-0.307584,-0.4531277,-0.0349312,-0.7288023,0.1033749
-0.1877795,0.2988516,0.06271711,0.3987342,-0.3503982,0.114045,-0.2907251,-0.1397124,0.1273842,-0.5380763,-0.3191939,-0.8156096,-0.4108533,-0.066628,-0.2440667,0.2309206,0.05035057,-0.2501223,-0.0007747496,-0.6550683,-0.1018698,-0.3171014,0.2014097,-0.1566092,0.03266711,0.08100692,0.2181573,-0.3258066,-0.1340234,-0.1630701,0.2238015,-0.8139674
-0.244002,0.5899699,-0.4299848,0.6175659,0.5028836,0.8030774,-1.540539,0.3261542,-0.009730054,-0.1150047,-0.4190821,-0.4577318,0.2008198,-0.3606942,-0.9778157,-0.07596327,-0.4787449,-0.3089392,-0.07891146,-0.4179132,0.5513396,0.01330891,-0.6259838,0.03963337,0.02281755,0.1404168,0.06228389,-0.5861291,0.04561241,-0.6238185,0.1389687,-0.04122192
0.5856952,0.7380257,0.3903019,0.3462743,-0.02712374,-0.1406473,-0.608247,0.3520333,-0.7264776,0.02097252,-0.4095428,-0.5067673,-0.2772679,-0.1887837,-0.3219543,0.4115252,-0.1871299,-0.3542939,-0.1377902,-0.44373,0.459964,0.03344534,-0.02914429,0.4163297,-0.3725328,0.1466748,-0.1022623,0.1423263,-0.06247596,0.006770111,0.5601557,0.1543866
0.6059954,-0.697398,0.1623685,-0.8833029,0.4253618,-0.5694735,-0.3814112,0.5783526,0.5735558,0.1275203,-0.0437599,0.7959831,0.0957977,0.04620056,-0.8812122,-0.6662712,-0.1987894,-0.1001389,-0.156441,0.5862399,-0.2690129,0.03519329,-0.1704194,0.2807283,0.1004893,0.4853305,0.2683149,0.1870624,0.5027981,-0.123243,0.1565945,0.5233387
0.07509813,-0.4880928,0.3415749,-0.4175981,0.04738483,-0.3651593,0.4764408,0.2870632,-0.1326507,0.4195215,0.124389,0.2406797,0.1785911,0.01673327,0.3975693,0.1056643,-0.07969837,0.1442101,0.005284251,-0.5086814,-0.3795808,0.1746787,-0.1830141,0.3167189,-0.00688013,0.554481,0.4671819,0.2807007,0.2875581,0.1381498,0.1856078,0.7284966
-0.02389744,-0.3664933,0.6138859,0.1121418,-0.5979334,0.371191,0.3637575,0.1351597,0.7769366,0.2764197,0.1751806,0.04066652,-0.02657221,0.215893,0.1693264,-0.002888262,0.05566784,0.1273912,-0.03279362,-0.2444853,-0.7176855,-0.3479897,0.2649321,0.5520369,0.762005,-0.1200929,0.2058268,-0.124081,-0.2334116,0.4133978,0.5238923,0.1910682
-0.5389335,-0.1276958,0.439688,0.1949433,-0.5516139,0.5934507,0.3861505,0.04243342,0.8847498,-0.3100938,0.3348275,0.0436515,-0.2437836,-0.03012498,0.8142402,-0.2417651,-0.03478768,0.2604629,0.1160557,0.02594261,0.05664716,-0.1159249,-0.1309218,0.3705844,1.164429,-0.2460715,0.1287249,-0.128921,-0.3621729,0.09843473,-0.1686652,-0.3703064
-0.1340405,-0.0692629,-0.1627901,0.7546932,0.1887517,0.7723068,0.1382723,0.05330703,0.3479874,0.1867516,0.3879667,-0.3462608,-0.2248802,0.1945,-0.03280279,-0.264992,0.3105726,0.2755042,0.3271206,-0.186836,-0.2896673,0.5451109,0.3850969,0.2816997,0.6282073,-0.4358836,-0.1782423,0.1377182,0.08418332,0.2173533,0.2257436,-0.08382151
-0.1364315,0.4942337,-0.6109431,0.4680539,-0.1498179,0.3757529,-0.3248408,0.04966465,-0.6175252,0.6061765,0.2604298,0.01502981,0.6250851,-0.03997407,0.476838,-0.07652609,0.2411092,0.2213821,0.2651924,-0.002426347,0.4472418,-0.2405711,0.3140397,0.2045542,-0.5648295,-0.1615188,-0.1157302,-0.08183515,0.1230835,-0.3022955,0.5432851,-0.1919982
0.7872354,0.02834187,0.2488164,0.1108482,0.141058,0.2183776,-0.1658469,-0.2542393,0.2017624,0.1079842,-0.02655114,0.3573212,0.2949789,-0.001001632,0.4364857,-0.2761892,0.03602887,0.01323103,0.1599621,-0.3769865,0.2075055,-0.1000878,-0.3052877,-0.7250174,-0.1675489,-0.7397656,-0.1920388,-0.4471578,0.3595571,0.04357471,1.281391,0.2244829
0.1116784,0.3487112,-0.2230386,-0.02598938,-0.2474237,-0.3762006,0.2975105,-0.1675089,0.3082176,0.338528,-0.1150093,-0.2527962,-0.2254579,0.06630877,0.6757507,0.2037245,0.2681933,-0.1170753,-0.05177614,-0.3027595,-0.07207615,-0.217002,0.3612742,-0.1054807,-0.4633884,-0.183586,-0.3179479,-0.291003,-0.0006286667,0.3953242,0.5096675,-0.5203317
0.4012895,0.526596,0.464176,0.1043987,0.2078124,0.06855242,0.1882988,-0.2054076,0.4663055,0.2820525,-0.213904,0.524401,-0.2789018,0.02177747,0.6981288,0.06102949,0.05174726,-0.2089691,-0.1639094,-0.9211516,0.1722508,-0.2804117,-0.0789014,-0.460408,-0.145011,0.03653068,0.001821526,-0.3094875,-0.008256302,0.06150687,0.317347,0.4972367
-0.2371037,0.0141531,-0.0572105,0.813408,0.2890839,0.6528609,-0.400089,-0.02410088,0.2994514,-0.5304561,-0.2131921,0.08745182,-0.2978297,0.1804969,-0.4567772,0.1756489,0.1711625,-0.1707505,-0.1853902,-0.334778,-0.2932823,-0.07480556,0.1662925,-0.3171065,0.1627554,0.6842685,-0.202756,-0.1824755,-0.048426,0.4667602,0.266869,0.1013665
-0.1210731,0.2182316,-0.06761613,0.1972473,-0.1922891,0.644053,-0.4837807,0.0684756,-0.01177406,-0.3966018,-0.2485317,0.04498249,-0.2243254,0.06252634,-0.4280687,0.08886012,-0.02614523,-0.1979439,-0.3841207,-0.5493627,-0.2064999,-0.2255446,0.1862807,-0.08581104,0.195911,0.6001053,-0.3715187,-0.4498728,-0.229633,0.3450141,0.2685984,0.2448682
0.4854903,0.2660834,-0.2606162,0.2167181,-0.01789215,0.533084,-0.1447738,0.07535494,-0.059561,0.4206907,-0.3302298,-0.2864474,0.6990671,0.1133152,-0.5342368,0.3713625,-0.2398229,-0.307689,-0.5455002,-0.5509316,0.3872586,-0.03913624,-0.2795488,-0.367106,-0.0787948,0.2997762,-0.109413,-0.3917306,-0.1814897,-0.1383607,1.16531,-0.5076068
0.8200344,-0.2471102,-0.1472053,-0.2018608,-0.009112962,-0.5030099,0.4082074,0.2057801,0.1828775,0.6553627,0.001760419,-0.2166202,0.7462106,0.06252773,-0.2711811,-0.1477197,0.1147639,-0.0578441,-0.1911725,-0.09952905,-0.3465149,0.1562392,0.6288046,0.05186923,-0.4353284,0.3016421,-0.3171277,0.6578014,-0.270019,-0.679827,1.069752,0.06144074
0.4741561,-0.3008884,0.1949605,-0.3652833,0.7717665,-0.1100656,0.0341141,0.1230726,0.4163392,0.4729024,0.03585615,0.3317055,0.3063953,-0.1375595,0.1468324,0.476681,-0.2877256,0.04530944,-0.03335017,0.4378491,-0.1471859,0.4482807,-0.4407249,0.1216646,0.1946639,0.51847,0.2587525,0.1114652,0.3798789,-0.4000019,0.05873173,0.3021083
0.7513132,-0.3969654,0.3035901,0.4402633,-0.1422681,0.466571,0.9550563,0.04406808,-0.4106825,-0.1133565,0.1220144,0.5183428,-0.1227268,-0.181926,0.3037825,0.3273352,-0.1306051,0.1285073,0.2198833,0.4581041,-0.8416632,0.08960738,-0.2578815,0.5742871,-0.1683748,0.07015727,0.1668669,0.3935058,-0.220501,-0.07858685,0.2204803,0.653976
0.3406599,-0.1139255,0.5238842,0.3793547,-0.5178234,0.5802829,0.4999315,-0.03089944,0.9356664,-0.5215399,0.197623,-0.06302951,-0.09350567,-0.2853092,0.4703873,-0.04859778,-0.2976332,0.1800238,0.2280867,-0.05294139,-0.1167047,0.5410669,-0.05344987,0.5458108,0.5841601,-0.4134646,0.5280613,-0.02197672,-0.3651905,0.2570078,0.3361997,0.007481913
0.1034756,-0.278277,-0.2548581,0.3389525,0.03481006,0.3254738,0.1662167,-0.1334674,0.3723617,-0.2470057,0.221011,0.2300229,-0.1132256,-0.1353789,0.5255919,0.1153138,-0.1151291,0.2148861,0.30279,0.731577,-0.02788091,0.2695359,-0.4004307,-0.377866,-0.09244341,-0.6358793,0.03541031,0.1440904,-0.4420936,-0.2318216,0.150988,0.0815029
0.2317652,0.008040107,-0.3965436,-0.1967395,-0.1796644,0.06080352,0.03389283,-0.2709186,-0.1057156,0.7654862,0.3786622,-0.2518537,0.7436326,0.1248596,-0.457171,-0.1497633,0.1728811,0.3572634,0.5447523,0.2285756,0.2345695,0.1597458,0.2650856,-0.1866089,-0.4464215,-0.7062056,-0.03062005,-0.3347559,0.1238689,-0.3688622,0.5215983,-0.005046403
